{
    "FallAttackTimeScale": {
        "duration": 0.37299999594688416,
        "timeScale": 0.20000000298023224
    }
}
