{
    "PlayerThurstAttackHitStop": {
        "duration": 0.31299999356269836,
        "timeMode": 1,
        "timeScale": 0.07999999821186066
    }
}
