{
    "PlayerThurstAttackHitStop": {
        "duration": 0.382999986410141,
        "timeScale": 0.0010000000474974513
    }
}
