{
    "PlayerThurstAttackHitStop": {
        "duration": 0.6499999761581421,
        "timeScale": 0.0010000000474974513
    }
}
