{
    "PunchHitStop": {
        "duration": 0.019999999552965164,
        "timeScale": 0.0010000000474974513
    }
}
