{
    "PunchHitStop": {
        "duration": 0.019999999552965164,
        "timeScale": 0.029999999329447746
    }
}
