{
    "UpperHitStop": {
        "duration": 0.03099999949336052,
        "timeScale": 0.0010000000474974513
    }
}
