{
    "test22": {
        "fov": 45.0,
        "fovEaseType": 0,
        "position": [
            0.0,
            16.600000381469727,
            0.0
        ],
        "positionEaseType": 0,
        "rotation": [
            0.0,
            0.0,
            -0.6981316804885864
        ],
        "rotationEaseType": 0,
        "timeMode": 1,
        "timePoint": 0.18000000715255737
    }
}
