{
    "AttackLock.dds": {
        "layerNum": 0,
        "startAnchorPoint": [
            0.5,
            0.5
        ],
        "startColor": [
            0.9652509689331055,
            0.9629055261611938,
            0.3577764332294464,
            0.6117647290229797
        ],
        "startPosition": [
            0.0,
            0.0
        ],
        "startScale": [
            0.800000011920929,
            0.800000011920929
        ],
        "startUVScale": [
            0.5,
            1.0
        ]
    }
}
