{
    "ComboSupportBg.dds": {
        "layerNum": 0,
        "startAnchorPoint": [
            0.5,
            0.5
        ],
        "startColor": [
            0.16078431904315948,
            0.16078431904315948,
            0.16078431904315948,
            0.8980392217636108
        ],
        "startPosition": [
            0.0,
            0.0
        ],
        "startScale": [
            1.0,
            0.7200000286102295
        ],
        "startUVScale": [
            1.0,
            1.0
        ]
    }
}
