{
    "ComboSupportBg.dds1": {
        "layerNum": 0,
        "startAnchorPoint": [
            0.5,
            0.5
        ],
        "startColor": [
            0.11764705926179886,
            0.11764705926179886,
            0.11764705926179886,
            0.8980392217636108
        ],
        "startPosition": [
            0.0,
            0.0
        ],
        "startScale": [
            1.0,
            0.7699999809265137
        ],
        "startUVScale": [
            1.0,
            1.0
        ]
    }
}
