{
    "DeathGaugeIcon_Angry.dds": {
        "layerNum": 17,
        "startAnchorPoint": [
            0.5,
            0.5
        ],
        "startColor": [
            1.0,
            1.0,
            1.0,
            1.0
        ],
        "startPosition": [
            0.0,
            0.0
        ],
        "startScale": [
            0.09000000357627869,
            0.09000000357627869
        ],
        "startUVScale": [
            1.0,
            1.0
        ]
    }
}
