{
    "DeathGaugeFrame.dds": {
        "layerNum": 19,
        "startAnchorPoint": [
            0.5,
            0.5
        ],
        "startColor": [
            0.8398749232292175,
            0.7117066979408264,
            0.84555983543396,
            1.0
        ],
        "startPosition": [
            604.0,
            111.5999984741211
        ],
        "startScale": [
            1.0,
            1.0
        ],
        "startUVScale": [
            1.0,
            1.0
        ]
    }
}
