{
    "DeathGaugeIconFrame.dds": {
        "layerNum": 3,
        "startAnchorPoint": [
            0.5,
            0.5
        ],
        "startColor": [
            1.0,
            1.0,
            1.0,
            1.0
        ],
        "startPosition": [
            54.5,
            114.0
        ],
        "startScale": [
            0.8500000238418579,
            0.8500000238418579
        ],
        "startUVScale": [
            1.0,
            1.0
        ]
    }
}
