{
    "DeathGaugeName.dds": {
        "layerNum": 21,
        "startAnchorPoint": [
            0.3400000035762787,
            0.5
        ],
        "startColor": [
            1.0,
            1.0,
            1.0,
            1.0
        ],
        "startPosition": [
            102.5,
            85.0
        ],
        "startScale": [
            1.190000057220459,
            1.0
        ],
        "startUVScale": [
            1.0,
            1.0
        ]
    }
}
