{
    "DeathGauge.png": {
        "layerNum": 7,
        "startAnchorPoint": [
            0.0,
            0.0
        ],
        "startColor": [
            1.0,
            1.0,
            1.0,
            1.0
        ],
        "startPosition": [
            327.1000061035156,
            80.69999694824219
        ],
        "startScale": [
            1.0,
            1.0
        ],
        "startUVScale": [
            1.0,
            1.0
        ]
    }
}
