{
    "DeathGaugeFrame.png": {
        "layerNum": 0,
        "startAnchorPoint": [
            0.0,
            0.0
        ],
        "startColor": [
            0.8398749232292175,
            0.7117066979408264,
            0.84555983543396,
            1.0
        ],
        "startPosition": [
            160.5,
            25.600000381469727
        ],
        "startScale": [
            1.0,
            1.0
        ],
        "startUVScale": [
            1.0,
            1.0
        ]
    }
}
