{
    "EnemyHPGauge.dds": {
        "layerNum": 1,
        "startAnchorPoint": [
            0.5,
            0.5
        ],
        "startColor": [
            1.0,
            1.0,
            1.0,
            1.0
        ],
        "startPosition": [
            0.0,
            0.0
        ],
        "startScale": [
            0.20000000298023224,
            0.20000000298023224
        ],
        "startUVScale": [
            1.0,
            1.0
        ]
    }
}
