{
    "EnemyHPBar.dds": {
        "layerNum": 2,
        "startAnchorPoint": [
            0.5,
            0.5
        ],
        "startColor": [
            1.0,
            1.0,
            1.0,
            1.0
        ],
        "startPosition": [
            0.0,
            0.0
        ],
        "startScale": [
            0.30000001192092896,
            0.30000001192092896
        ],
        "startUVScale": [
            1.0,
            1.0
        ]
    }
}
