{
    "gamePurposeNo3.png": {
        "layerNum": 5,
        "startAnchorPoint": [
            0.5,
            0.5
        ],
        "startColor": [
            1.0,
            1.0,
            1.0,
            1.0
        ],
        "startPosition": [
            564.7999877929688,
            325.1000061035156
        ],
        "startScale": [
            1.0,
            1.0
        ],
        "startUVScale": [
            1.0,
            1.0
        ]
    }
}
