{
    "GroupIconCircle.dds": {
        "layerNum": 0,
        "startAnchorPoint": [
            0.5,
            0.5
        ],
        "startColor": [
            1.0,
            1.0,
            1.0,
            1.0
        ],
        "startPosition": [
            0.0,
            0.0
        ],
        "startScale": [
            0.3700000047683716,
            0.3700000047683716
        ],
        "startUVScale": [
            1.0,
            1.0
        ]
    }
}
