{
    "NotifyText.dds": {
        "layerNum": 24,
        "startAnchorPoint": [
            0.5,
            0.5
        ],
        "startColor": [
            0.9305019378662109,
            0.9305019378662109,
            0.9305019378662109,
            1.0
        ],
        "startPosition": [
            551.2999877929688,
            192.6999969482422
        ],
        "startScale": [
            1.0,
            1.0
        ],
        "startUVScale": [
            1.0,
            1.0
        ]
    }
}
