{
    "PlayerDeathGaugeIcon.dds": {
        "layerNum": 20,
        "startAnchorPoint": [
            0.5,
            0.5
        ],
        "startColor": [
            1.0,
            1.0,
            1.0,
            1.0
        ],
        "startPosition": [
            250.8000030517578,
            112.5
        ],
        "startScale": [
            0.6000000238418579,
            0.6000000238418579
        ],
        "startUVScale": [
            1.0,
            1.0
        ]
    }
}
