{
    "PlayerthrustAttack0": {
        "fov": 56.08000183105469,
        "fovEaseType": 16,
        "position": [
            0.0,
            10.600000381469727,
            -2.5999999046325684
        ],
        "positionEaseType": 16,
        "rotation": [
            0.45378559827804565,
            0.0,
            0.0
        ],
        "rotationEaseType": 16,
        "timeMode": 0,
        "timePoint": 0.20000000298023224
    }
}
