{
    "RollingAtackEffect0": {
        "AdaptRotateIsX": false,
        "AdaptRotateIsY": false,
        "AdaptRotateIsZ": false,
        "AlphaEaseParam.backRatio": 0.0,
        "AlphaEaseParam.easeTypeInt": 0,
        "AlphaEaseParam.endValue.max": 0.0,
        "AlphaEaseParam.endValue.min": 0.0,
        "AlphaEaseParam.isEase": false,
        "AlphaEaseParam.maxTime": 0.6100000143051147,
        "BaseColor": [
            0.830115795135498,
            0.6051785349845886,
            0.03205080330371857,
            1.0
        ],
        "Color Max": [
            0.0,
            0.0,
            0.0,
            0.0
        ],
        "Color Min": [
            0.0,
            0.0,
            0.0,
            0.0
        ],
        "ColorEaseParam.backRatio": 0.0,
        "ColorEaseParam.easeTypeInt": 0,
        "ColorEaseParam.endValue.max": [
            0.0,
            0.0,
            0.0
        ],
        "ColorEaseParam.endValue.min": [
            0.0,
            0.0,
            0.0
        ],
        "ColorEaseParam.isEase": false,
        "ColorEaseParam.maxTime": 1.0,
        "Cyl.bottomColor": [
            0.8803088665008545,
            0.8595481514930725,
            0.11216292530298233,
            1.0
        ],
        "Cyl.bottomRadiusX": 1.0,
        "Cyl.bottomRadiusZ": 1.0,
        "Cyl.divisions": 41,
        "Cyl.endAngleDeg": 360.0,
        "Cyl.height": 0.6600000262260437,
        "Cyl.heightDivisions": 1,
        "Cyl.startAngleDeg": 0.0,
        "Cyl.topColor": [
            0.9498069286346436,
            0.03667208552360535,
            0.03667208552360535,
            1.0
        ],
        "Cyl.topRadiusX": 1.0,
        "Cyl.topRadiusZ": 1.0,
        "Cyl.uvModeInt": 0,
        "Direction Max": [
            0.0,
            0.0,
            0.0
        ],
        "Direction Min": [
            0.0,
            0.0,
            0.0
        ],
        "Gravity": 0.0,
        "IntervalTime": 2.819999933242798,
        "IsScreenPos": false,
        "LifeTime": 1.7100000381469727,
        "Max Particle Num": 1000,
        "Particle Count": 2,
        "Position Base": [
            0.0,
            2.130000114440918,
            3.549999952316284
        ],
        "Position Max": [
            0.0,
            0.0,
            0.0
        ],
        "Position Min": [
            0.0,
            0.0,
            0.0
        ],
        "RailFileName": "",
        "Rotate Base": [
            0.0,
            0.0,
            90.0
        ],
        "Rotate Max": [
            0.0,
            0.0,
            0.0
        ],
        "Rotate Min": [
            0.0,
            0.0,
            0.0
        ],
        "RotateEaseParam.backRatio": 0.0,
        "RotateEaseParam.easeTypeInt": 0,
        "RotateEaseParam.endValueV3.max": [
            0.0,
            0.0,
            0.0
        ],
        "RotateEaseParam.endValueV3.min": [
            0.0,
            0.0,
            0.0
        ],
        "RotateEaseParam.isScaleEase": false,
        "RotateEaseParam.maxTime": 1.0,
        "RotateSpeed Max": [
            0.0,
            0.0,
            0.0
        ],
        "RotateSpeed Min": [
            0.0,
            0.0,
            0.0
        ],
        "Scale Max": 5.0,
        "Scale Min": 5.0,
        "ScaleV3 Max": [
            1.0,
            1.0,
            1.0
        ],
        "ScaleV3 Min": [
            1.0,
            1.0,
            1.0
        ],
        "Speed Max": 0.0,
        "Speed Min": 0.0,
        "SpeedV3 Max": [
            0.0,
            0.0,
            0.0
        ],
        "SpeedV3 Min": [
            0.0,
            0.0,
            0.0
        ],
        "StartTime": 0.0,
        "TranslateEaseParam.backRatio": 0.0,
        "TranslateEaseParam.easeTypeInt": 0,
        "TranslateEaseParam.endValueV3.max": [
            0.0,
            0.0,
            0.0
        ],
        "TranslateEaseParam.endValueV3.min": [
            0.0,
            0.0,
            0.0
        ],
        "TranslateEaseParam.isReturnToOrigin": false,
        "TranslateEaseParam.isScaleEase": false,
        "TranslateEaseParam.maxTime": 1.0,
        "TranslateEaseParam.returnEaseTypeInt": 0,
        "TranslateEaseParam.returnMaxTime": 0.0,
        "UV IsLoop": false,
        "UV NumOfFrame": 1,
        "UV Pos": [
            0.0,
            0.0
        ],
        "UV Rotate": [
            0.0,
            0.0,
            0.0
        ],
        "UV Scale": [
            3.2300000190734863,
            1.0
        ],
        "UV ScrollSpeed": 0.5400000214576721,
        "UV isFlipX": false,
        "UV isFlipY": false,
        "UseRail": false,
        "afterDuration": 0.0,
        "alphaMode": 0,
        "blendMode": 1,
        "dissolveName": "RollingAttackDissolve",
        "distortionStrength": 0.10999999940395355,
        "distortionTexturePath": "Resources/EngineTexture/Noise/PerlinNoise.dds",
        "emissiveIntensity": 1.100000023841858,
        "emitPositionMode": 2,
        "emitShape": 0,
        "isAlphaNoMove": false,
        "isBillboard": false,
        "isFloatVelocity": false,
        "isRotateForDirection": false,
        "isScalerScale": true,
        "isShot": true,
        "modelFilePath": "",
        "parentFollowR": true,
        "parentFollowS": true,
        "parentFollowT": true,
        "preBillboardType": 0,
        "primitiveTypeInt": 2,
        "scaleEaseParam.backRatio": 0.0,
        "scaleEaseParam.easeTypeInt": 0,
        "scaleEaseParam.endValueF.max": 0.0,
        "scaleEaseParam.endValueF.min": 0.0,
        "scaleEaseParam.endValueV3.max": [
            0.0,
            0.0,
            0.0
        ],
        "scaleEaseParam.endValueV3.min": [
            0.0,
            0.0,
            0.0
        ],
        "scaleEaseParam.isReturnToOrigin": false,
        "scaleEaseParam.isScaleEase": false,
        "scaleEaseParam.maxTime": 1.0,
        "scaleEaseParam.returnEaseTypeInt": 0,
        "scaleEaseParam.returnMaxTime": 0.0,
        "selectedTexturePath": "Resources/EngineTexture/Particle/ShockWave.dds",
        "sphereRadius.max": 0.0,
        "sphereRadius.min": 0.0,
        "targetApplyPos": true,
        "targetApplyR": true,
        "timeMode": 1,
        "useDistortion": true,
        "useModel": false
    }
}
