{
    "CyclingAttackStop": {
        "duration": 0.03999999910593033,
        "timeMode": 1,
        "timeScale": 0.03999999910593033
    }
}
