{
    "DefaultHitStop": {
        "duration": 0.05000000074505806,
        "timeMode": 1,
        "timeScale": 0.05999999865889549
    }
}
