{
    "FallAttackTimeScale": {
        "duration": 0.4300000071525574,
        "timeMode": 1,
        "timeScale": 0.1599999964237213
    }
}
