{
    "PlayerThurstAttackHitStop": {
        "duration": 0.4429999887943268,
        "timeMode": 1,
        "timeScale": 0.07999999821186066
    }
}
