{
    "RollingDashStop": {
        "duration": 0.5600000023841858,
        "timeMode": 1,
        "timeScale": 0.029999999329447746
    }
}
