{
    "UpperHitStop": {
        "duration": 0.10100000351667404,
        "timeScale": 0.21799999475479126
    }
}
