{
    "UpperAtk1": {
        "fov": 45.0,
        "fovEaseType": 22,
        "position": [
            -39.0,
            -5.0,
            -17.0
        ],
        "positionEaseType": 22,
        "rotation": [
            -0.20943951606750488,
            0.8203047513961792,
            0.0
        ],
        "rotationEaseType": 22,
        "timeMode": 1,
        "timePoint": 0.20000000298023224
    }
}
