{
    "UpperAtk0": {
        "fov": 45.0,
        "fovEaseType": 22,
        "position": [
            0.0,
            10.800000190734863,
            -36.099998474121094
        ],
        "positionEaseType": 22,
        "rotation": [
            -0.06981314718723297,
            0.8552113175392151,
            0.0
        ],
        "rotationEaseType": 22,
        "timeMode": 0,
        "timePoint": 0.5099999904632568
    }
}
