{
    "UpperAtk0": {
        "fov": 45.0,
        "fovEaseType": 22,
        "position": [
            0.0,
            11.300000190734863,
            -42.79999923706055
        ],
        "positionEaseType": 22,
        "rotation": [
            -0.03490658476948738,
            1.029744029045105,
            0.0
        ],
        "rotationEaseType": 22,
        "timeMode": 0,
        "timePoint": 0.5099999904632568
    }
}
