{
    "UpperAtk0": {
        "fov": 45.0,
        "fovEaseType": 6,
        "position": [
            -28.0,
            -1.7000000476837158,
            -35.400001525878906
        ],
        "positionEaseType": 6,
        "rotation": [
            0.10471975803375244,
            0.9773842692375183,
            0.0
        ],
        "rotationEaseType": 6,
        "timeMode": 0,
        "timePoint": 0.20999999344348907
    }
}
