{
    "Combo": {
        "Scaling Ease amplitude": 1.590000033378601,
        "Scaling Ease max": 0.0,
        "Scaling Ease period": 0.0,
        "comboTimeMax_": 1.0800000429153442
    }
}
