{
    "ComboUI": {
        "Scaling Ease amplitude": 0.0,
        "Scaling Ease max": 1.3300000429153442,
        "Scaling Ease period": -0.699999988079071
    }
}
