{
    "DamageParticle": {
        "BaseColor": [
            0.9529411792755127,
            0.16470588743686676,
            0.0,
            0.0
        ],
        "Color Max": [
            0.1882352977991104,
            0.16078431904315948,
            0.10196078568696976,
            0.0
        ],
        "Color Min": [
            0.0941176488995552,
            0.21176470816135406,
            0.12941177189350128,
            0.0
        ],
        "Gravity": 0.0,
        "IntervalTime": 0.00000000149011612,
        "LifeTime": 0.5,
        "Particle Count": 15,
        "Position Base": [
            0.0,
            0.0,
            0.0
        ],
        "Position Max": [
            1.0,
            1.0,
            1.0
        ],
        "Position Min": [
            -1.0,
            -1.0,
            -1.0
        ],
        "Rotate Base": [
            0.0,
            0.0,
            0.0
        ],
        "Rotate Max": [
            0.0,
            0.0,
            0.0
        ],
        "Rotate Min": [
            0.0,
            0.0,
            0.0
        ],
        "RotateSpeed Base": [
            0.0,
            0.0,
            0.0
        ],
        "RotateSpeed Max": [
            0.0,
            0.0,
            0.0
        ],
        "RotateSpeed Min": [
            0.0,
            0.0,
            0.0
        ],
        "Scale Max": 0.20000000149011612,
        "Scale Min": 1.0,
        "Velocity Max": [
            6.300000190734863,
            8.199999809265137,
            6.0
        ],
        "Velocity Min": [
            -7.199999809265137,
            -7.900000095367432,
            -9.800000190734863
        ],
        "isMoveForRail": false,
        "moveSpeed": 0.0
    }
}
