{
    "DamageParticle": {
        "BaseColor": [
            0.8274509906768799,
            0.3764705955982208,
            0.4313725531101227,
            0.0
        ],
        "Color Max": [
            0.1882352977991104,
            0.16078431904315948,
            0.04313725605607033,
            0.0
        ],
        "Color Min": [
            0.0941176488995552,
            0.12156862765550613,
            0.07058823853731155,
            0.0
        ],
        "Gravity": 0.0,
        "IntervalTime": 0.019999999552965164,
        "LifeTime": 0.5,
        "Particle Count": 20,
        "Position Base": [
            0.0,
            0.0,
            0.0
        ],
        "Position Max": [
            1.0,
            1.0,
            1.0
        ],
        "Position Min": [
            -1.0,
            -1.0,
            -1.0
        ],
        "Rotate Base": [
            0.0,
            0.0,
            0.0
        ],
        "Rotate Max": [
            0.0,
            0.0,
            0.0
        ],
        "Rotate Min": [
            0.0,
            0.0,
            0.0
        ],
        "RotateSpeed Base": [
            0.0,
            0.0,
            0.0
        ],
        "RotateSpeed Max": [
            0.0,
            0.0,
            0.0
        ],
        "RotateSpeed Min": [
            0.0,
            0.0,
            0.0
        ],
        "Scale Max": 1.0,
        "Scale Min": 2.0999999046325684,
        "Velocity Max": [
            6.300000190734863,
            8.199999809265137,
            6.0
        ],
        "Velocity Min": [
            -7.199999809265137,
            -7.900000095367432,
            -9.800000190734863
        ],
        "isMoveForRail": false,
        "moveSpeed": 0.0
    }
}
