{
    "Enemies": {
        "basePosY_1": 1.5,
        "basePosY_2": 1.5,
        "chaseDistance1": 37.22999954223633,
        "chaseDistance2": 34.52000045776367,
        "chaseSpeed1": 0.3499999940395355,
        "chaseSpeed2": 0.3700000047683716,
        "hitbackRotateBackRatio1": 3.180000066757202,
        "hitbackRotateBackRatio2": 3.009999990463257,
        "hitbackRotateTime1": 0.5400000214576721,
        "hitbackRotateTime2": 0.5400000214576721,
        "hitbackRotateValue1": 0.5410521030426025,
        "hitbackRotateValue2": 0.6108652949333191,
        "thrustRotateSpeed1": 43.560001373291016,
        "thrustRotateSpeed2": 20.0,
        "upperFallSpeedLimit1": 1.2000000476837158,
        "upperFallSpeedLimit2": 1.2000000476837158,
        "upperGravity1": 3.509999990463257,
        "upperGravity2": 3.5199999809265137,
        "upperJumpPower1": 1.350000023841858,
        "upperJumpPower2": 1.350000023841858
    }
}
