{
    "Enemies": {
        "basePosY_1": 1.5,
        "basePosY_2": 1.5,
        "chaseDistance1": 37.22999954223633,
        "chaseDistance2": 34.52000045776367,
        "chaseSpeed1": 0.3499999940395355,
        "chaseSpeed2": 0.3700000047683716,
        "thrustRotateSpeed1": 20.0,
        "thrustRotateSpeed2": 20.0
    }
}
