{
    "Enemies": {
        "basePosY_1": 1.5,
        "basePosY_2": 1.5,
        "blowGravity1": 100.0,
        "blowGravity2": 100.0,
        "blowRotateSpeed1": 23.399999618530273,
        "blowRotateSpeed2": 22.6200008392334,
        "blowTime1": 0.25,
        "blowTime2": 3.0,
        "blowValueY_1": 50.0,
        "blowValueY_2": 50.0,
        "blowValue_1": 3.0,
        "blowValue_2": 3.0,
        "burstTime1": 0.5,
        "burstTime2": 0.5,
        "chaseDistance1": 37.22999954223633,
        "chaseDistance2": 34.52000045776367,
        "chaseSpeed1": 0.3499999940395355,
        "chaseSpeed2": 0.3700000047683716,
        "hitbackRotateBackRatio1": 0.800000011920929,
        "hitbackRotateBackRatio2": 0.800000011920929,
        "hitbackRotateTime1": 0.5400000214576721,
        "hitbackRotateTime2": 0.5400000214576721,
        "hitbackRotateValue1": 0.5410521030426025,
        "hitbackRotateValue2": 0.6108652949333191,
        "thrustRotateSpeed1": 43.560001373291016,
        "thrustRotateSpeed2": 20.0,
        "upperFallSpeedLimit1": 1.2000000476837158,
        "upperFallSpeedLimit2": 1.2000000476837158,
        "upperGravity1": 3.509999990463257,
        "upperGravity2": 3.5199999809265137,
        "upperJumpPower1": 1.350000023841858,
        "upperJumpPower2": 1.350000023841858
    }
}
