{
    "fallParticle": {
        "BaseColor": [
            0.18627452850341797,
            0.06869812309741974,
            0.004565549083054066,
            0.10588235408067703
        ],
        "Color Max": [
            0.0,
            0.0,
            0.0,
            0.0
        ],
        "Color Min": [
            0.0,
            0.0,
            0.0,
            0.0
        ],
        "Gravity": -35.79999923706055,
        "IntervalTime": 0.0,
        "LifeTime": 6.199999809265137,
        "Particle Count": 20,
        "Position Base": [
            0.0,
            0.0,
            0.0
        ],
        "Position Max": [
            2.0,
            0.0,
            2.0
        ],
        "Position Min": [
            -2.0,
            0.0,
            -2.0
        ],
        "Rotate Base": [
            0.0,
            0.0,
            0.0
        ],
        "Rotate Max": [
            0.0,
            0.0,
            0.0
        ],
        "Rotate Min": [
            0.0,
            0.0,
            0.0
        ],
        "RotateSpeed Base": [
            0.0,
            0.0,
            0.0
        ],
        "RotateSpeed Max": [
            0.0,
            0.0,
            0.0
        ],
        "RotateSpeed Min": [
            0.0,
            0.0,
            0.0
        ],
        "Scale Max": 2.0,
        "Scale Min": 2.0,
        "Velocity Max": [
            15.699999809265137,
            7.5,
            12.800000190734863
        ],
        "Velocity Min": [
            -10.899999618530273,
            5.900000095367432,
            -17.899999618530273
        ],
        "isMoveForRail": false,
        "moveSpeed": 0.0
    }
}
