{
    "fallParticle": {
        "BaseColor": [
            0.18627452850341797,
            0.06869812309741974,
            0.004565549083054066,
            0.10588235408067703
        ],
        "Color Max": [
            0.0,
            0.0,
            0.0,
            0.0
        ],
        "Color Min": [
            0.0,
            0.0,
            0.0,
            0.0
        ],
        "Gravity": -60.5,
        "IntervalTime": 0.0,
        "LifeTime": 6.199999809265137,
        "Particle Count": 32,
        "Position Base": [
            0.0,
            0.0,
            0.0
        ],
        "Position Max": [
            2.0,
            0.0,
            2.0
        ],
        "Position Min": [
            -2.0,
            0.0,
            -2.0
        ],
        "Rotate Base": [
            0.0,
            0.0,
            0.0
        ],
        "Rotate Max": [
            0.0,
            0.0,
            0.0
        ],
        "Rotate Min": [
            0.0,
            0.0,
            0.0
        ],
        "RotateSpeed Base": [
            0.0,
            0.0,
            0.0
        ],
        "RotateSpeed Max": [
            0.0,
            0.0,
            0.0
        ],
        "RotateSpeed Min": [
            0.0,
            0.0,
            0.0
        ],
        "Scale Max": 0.4000000059604645,
        "Scale Min": 0.4000000059604645,
        "Velocity Max": [
            20.0,
            15.5,
            20.0
        ],
        "Velocity Min": [
            -20.0,
            13.100000381469727,
            -20.0
        ],
        "isMoveForRail": false,
        "moveSpeed": 0.0
    }
}
