{
    "LeftHand": {
        "BaseColor": [
            0.2705882489681244,
            0.125490203499794,
            0.0,
            0.0
        ],
        "Color Max": [
            0.0,
            0.0,
            0.0,
            0.0
        ],
        "Color Min": [
            0.0,
            0.0,
            0.0,
            0.0
        ],
        "Gravity": 1.600000023841858,
        "IntervalTime": 0.12999999523162842,
        "LifeTime": 0.8999999761581421,
        "Particle Count": 7,
        "Position Base": [
            0.0,
            0.0,
            0.0
        ],
        "Position Max": [
            1.0,
            0.5,
            0.5
        ],
        "Position Min": [
            -1.0,
            0.0,
            0.0
        ],
        "RailRunSpeed": 0.0,
        "Rotate Base": [
            0.0,
            0.0,
            0.0
        ],
        "Rotate Max": [
            0.0,
            0.0,
            0.0
        ],
        "Rotate Min": [
            0.0,
            0.0,
            0.0
        ],
        "RotateSpeed Base": [
            0.0,
            0.0,
            0.0
        ],
        "RotateSpeed Max": [
            0.0,
            0.0,
            0.0
        ],
        "RotateSpeed Min": [
            0.0,
            0.0,
            0.0
        ],
        "Scale Max": 0.800000011920929,
        "Scale Min": 0.5,
        "Translate": [
            -4.0,
            1.987964391708374,
            0.0
        ],
        "Velocity Max": [
            1.100000023841858,
            3.0,
            0.699999988079071
        ],
        "Velocity Min": [
            -1.2999999523162842,
            1.899999976158142,
            -1.100000023841858
        ],
        "isMoveForRail": false,
        "moveSpeed": 0.0
    }
}
