{
    "LeftSide": {
        "BaseColor": [
            0.18039216101169586,
            0.4588235318660736,
            0.0,
            0.0
        ],
        "Color Max": [
            0.11372549086809158,
            0.3960784375667572,
            0.0,
            0.0
        ],
        "Color Min": [
            0.0,
            0.0,
            0.0,
            0.0
        ],
        "Gravity": 24.899999618530273,
        "IntervalTime": 0.23000000417232513,
        "LifeTime": 1.100000023841858,
        "Particle Count": 24,
        "Position Base": [
            -46.900001525878906,
            -9.0,
            0.0
        ],
        "Position Max": [
            1.0,
            1.0,
            0.0
        ],
        "Position Min": [
            -1.0,
            -1.0,
            0.0
        ],
        "Rotate Base": [
            0.0,
            0.0,
            0.0
        ],
        "Rotate Max": [
            0.0,
            0.0,
            0.0
        ],
        "Rotate Min": [
            0.0,
            0.0,
            0.0
        ],
        "RotateSpeed Base": [
            0.0,
            0.0,
            0.0
        ],
        "RotateSpeed Max": [
            0.0,
            0.0,
            0.0
        ],
        "RotateSpeed Min": [
            0.0,
            0.0,
            0.0
        ],
        "Scale Max": 1.0,
        "Scale Min": 1.0,
        "Velocity Max": [
            4.199999809265137,
            19.600000381469727,
            0.0
        ],
        "Velocity Min": [
            -5.800000190734863,
            1.600000023841858,
            0.0
        ],
        "isMoveForRail": false,
        "moveSpeed": 0.0
    }
}
