{
    "LeftHand": {
        "BaseColor": [
            0.9647058844566345,
            0.24313725531101227,
            0.0235294122248888,
            0.0
        ],
        "Color Max": [
            0.08627451211214066,
            0.06666667014360428,
            0.09019608050584793,
            0.0
        ],
        "Color Min": [
            0.0,
            0.35686275362968445,
            0.11372549086809158,
            0.0
        ],
        "Gravity": 1.600000023841858,
        "IntervalTime": 0.05999999865889549,
        "LifeTime": 0.8999999761581421,
        "Particle Count": 6,
        "Position Base": [
            0.0,
            0.0,
            0.0
        ],
        "Position Max": [
            1.0,
            0.5,
            0.5
        ],
        "Position Min": [
            -1.0,
            -1.0,
            0.0
        ],
        "RailRunSpeed": 0.0,
        "RailRunSpeedF": 60.0,
        "Rotate Base": [
            0.0,
            0.0,
            0.0
        ],
        "Rotate Max": [
            0.0,
            0.0,
            0.0
        ],
        "Rotate Min": [
            0.0,
            0.0,
            0.0
        ],
        "RotateSpeed Base": [
            0.0,
            0.0,
            0.0
        ],
        "RotateSpeed Max": [
            0.0,
            0.0,
            0.0
        ],
        "RotateSpeed Min": [
            0.0,
            0.0,
            0.0
        ],
        "Scale Max": 1.0,
        "Scale Min": 0.800000011920929,
        "Translate": [
            -3.999999761581421,
            2.200000762939453,
            2.384185791015625e-07
        ],
        "Velocity Max": [
            1.100000023841858,
            3.0,
            0.699999988079071
        ],
        "Velocity Min": [
            -1.2999999523162842,
            1.899999976158142,
            -1.100000023841858
        ],
        "isMoveForRail": false,
        "moveSpeed": 0.0
    }
}
