{
    "Player": {
        "JumpSpeed": 1.5,
        "NComboPTime1": 0.3799999952316284,
        "NComboPTime2": 0.0,
        "NComboPunchEaseTime1": 0.20000000298023224,
        "NComboPunchEaseTime2": 0.20000000298023224,
        "NComboPunchReach1": 4.0,
        "NComboPunchReach2": 10.0,
        "Translate": [
            -4.338934421539307,
            0.0,
            4.202694416046143
        ],
        "rushDistance": 10.0,
        "rushEaseMax": 0.09000000357627869
    }
}
