{
    "Player": {
        "FallSpeed": 0.0,
        "FallSpeedLimit": 80.0,
        "Gravity": 109.54000091552734,
        "JComboPTime1": 0.15000000596046448,
        "JComboPTime2": 0.009999999776482582,
        "JComboPunchEaseTime1": 0.11999999731779099,
        "JComboPunchEaseTime2": 0.4000000059604645,
        "JComboPunchReach1": 0.0,
        "JComboPunchReach2": 20.59000015258789,
        "JumpSpeed": 53.540000915527344,
        "MoveSpeed": 10.520000457763672,
        "NComboPTime1": 0.3499999940395355,
        "NComboPTime2": 0.3499999940395355,
        "NComboPTime3": 0.3400000035762787,
        "NComboPTime4": 0.09000000357627869,
        "NComboPunchEaseTime1": 0.09000000357627869,
        "NComboPunchEaseTime2": 0.09000000357627869,
        "NComboPunchEaseTime3": 0.18000000715255737,
        "NComboPunchEaseTime4": 0.0,
        "NComboPunchReach1": 4.0,
        "NComboPunchReach2": 4.0,
        "NComboPunchReach3": 0.0,
        "NComboPunchReach4": 0.0,
        "Translate": [
            2.352778196334839,
            0.0,
            -7.730042934417725
        ],
        "UpperChargeTime": 1.0,
        "UpperPosY": 15.300000190734863,
        "attackFloatEaseT_": 0.49000000953674316,
        "attackFloatValue_": 1.9299999475479126,
        "attackRotate": 6.370452404022217,
        "attackRotateAnit": 1.3613568544387817,
        "attackRotateEaseT": 0.49000000953674316,
        "fallSpeedLimitB": 5.199999809265137,
        "fallSpeedLimitU": 6.75,
        "gravityB": 8.800000190734863,
        "gravityU": 9.399999618530273,
        "jumpPowerU": 1.2699999809265137,
        "jumpSpeedB": 1.399999976158142,
        "rushDistance": 2.2799999713897705,
        "rushEaseMax": 0.05000000074505806,
        "upperBackLashEaseTime_": 0.3400000035762787,
        "upperBackLashValue_": 2.890000104904175
    }
}
