{
    "Player": {
        "Gravity": 4.420000076293945,
        "JumpSpeed": 1.5,
        "MoveSpeed": 10.520000457763672,
        "NComboPTime1": 0.3499999940395355,
        "NComboPTime2": 0.3499999940395355,
        "NComboPTime3": 0.3400000035762787,
        "NComboPTime4": 0.09000000357627869,
        "NComboPunchEaseTime1": 0.09000000357627869,
        "NComboPunchEaseTime2": 0.09000000357627869,
        "NComboPunchEaseTime3": 0.18000000715255737,
        "NComboPunchEaseTime4": 0.0,
        "NComboPunchReach1": 4.0,
        "NComboPunchReach2": 4.0,
        "NComboPunchReach3": 0.0,
        "NComboPunchReach4": 0.0,
        "Translate": [
            6.285429954528809,
            0.5,
            -20.06766700744629
        ],
        "UpperPosY": 15.300000190734863,
        "rushDistance": 2.2799999713897705,
        "rushEaseMax": 0.05000000074505806
    }
}
