{
    "Player": {
        "JumpSpeed": 1.5,
        "NComboPTime1": 1.5,
        "NComboPTime2": 0.0,
        "Translate": [
            0.3059981167316437,
            0.0,
            6.3509626388549805
        ],
        "rushDistance": 10.0,
        "rushEaseMax": 0.20000000298023224
    }
}
