{
    "Player": {
        "Gravity": 4.420000076293945,
        "JComboPTime1": 0.09000000357627869,
        "JComboPTime2": 0.009999999776482582,
        "JComboPunchEaseTime1": 0.03999999910593033,
        "JComboPunchEaseTime2": 0.4000000059604645,
        "JComboPunchReach1": 0.0,
        "JComboPunchReach2": 20.59000015258789,
        "JumpSpeed": 1.5,
        "MoveSpeed": 10.520000457763672,
        "NComboPTime1": 0.3499999940395355,
        "NComboPTime2": 0.3499999940395355,
        "NComboPTime3": 0.3400000035762787,
        "NComboPTime4": 0.09000000357627869,
        "NComboPunchEaseTime1": 0.09000000357627869,
        "NComboPunchEaseTime2": 0.09000000357627869,
        "NComboPunchEaseTime3": 0.18000000715255737,
        "NComboPunchEaseTime4": 0.0,
        "NComboPunchReach1": 4.0,
        "NComboPunchReach2": 4.0,
        "NComboPunchReach3": 0.0,
        "NComboPunchReach4": 0.0,
        "Translate": [
            -24.856481552124023,
            0.5,
            -19.522445678710938
        ],
        "UpperPosY": 15.300000190734863,
        "rushDistance": 2.2799999713897705,
        "rushEaseMax": 0.05000000074505806
    }
}
