{
    "punchEffect": {
        "AdaptRotateIsX": false,
        "AdaptRotateIsY": false,
        "AdaptRotateIsZ": true,
        "BaseColor": [
            0.9656862616539001,
            0.08994137495756149,
            0.08994137495756149,
            0.0
        ],
        "Color Max": [
            0.09019608050584793,
            0.09019608050584793,
            0.0,
            0.0
        ],
        "Color Min": [
            0.1764705926179886,
            0.0,
            0.062745101749897,
            0.0
        ],
        "Gravity": -19.299999237060547,
        "IntervalTime": 1.0399999618530273,
        "LifeTime": 0.6000000238418579,
        "Particle Count": 21,
        "Position Base": [
            0.0,
            0.0,
            0.0
        ],
        "Position Max": [
            2.700000047683716,
            0.4000000059604645,
            3.0999999046325684
        ],
        "Position Min": [
            1.100000023841858,
            -0.800000011920929,
            -2.5
        ],
        "Rotate Base": [
            0.0,
            0.0,
            0.0
        ],
        "Rotate Max": [
            0.0,
            0.0,
            0.0
        ],
        "Rotate Min": [
            0.0,
            0.0,
            0.0
        ],
        "RotateSpeed Base": [
            0.0,
            0.0,
            0.0
        ],
        "RotateSpeed Max": [
            0.0,
            0.0,
            0.0
        ],
        "RotateSpeed Min": [
            0.0,
            0.0,
            0.0
        ],
        "Scale Max": 1.0,
        "Scale Min": 1.0,
        "ScaleV3 Max": [
            0.5,
            3.0,
            1.0
        ],
        "ScaleV3 Min": [
            0.5,
            3.0,
            1.0
        ],
        "Velocity Max": [
            13.699999809265137,
            14.5,
            0.0
        ],
        "Velocity Min": [
            -12.600000381469727,
            5.900000095367432,
            0.0
        ],
        "isBillBord": true,
        "isMoveForRail": false,
        "isRotateforDirection": true,
        "isScalerScale": false,
        "moveSpeed": 0.0
    }
}
