{
    "punchEffect": {
        "BaseColor": [
            0.7843137383460999,
            0.4627451002597809,
            0.5529412031173706,
            0.0
        ],
        "Color Max": [
            0.0,
            0.0,
            0.0,
            0.0
        ],
        "Color Min": [
            0.0,
            0.0,
            0.0,
            0.0
        ],
        "Gravity": 0.0,
        "IntervalTime": 1.0199999809265137,
        "LifeTime": 1.600000023841858,
        "Particle Count": 6,
        "Position Base": [
            0.0,
            0.0,
            0.0
        ],
        "Position Max": [
            2.700000047683716,
            0.4000000059604645,
            3.0999999046325684
        ],
        "Position Min": [
            1.100000023841858,
            -0.800000011920929,
            -2.5
        ],
        "Rotate Base": [
            6.900000095367432,
            0.0,
            0.0
        ],
        "Rotate Max": [
            0.0,
            0.0,
            0.0
        ],
        "Rotate Min": [
            0.0,
            0.0,
            0.0
        ],
        "RotateSpeed Base": [
            0.0,
            0.0,
            0.0
        ],
        "RotateSpeed Max": [
            0.0,
            0.0,
            0.0
        ],
        "RotateSpeed Min": [
            0.0,
            0.0,
            0.0
        ],
        "Scale Max": 1.0,
        "Scale Min": 1.0,
        "Velocity Max": [
            0.0,
            0.0,
            14.699999809265137
        ],
        "Velocity Min": [
            0.0,
            0.0,
            0.0
        ],
        "isMoveForRail": false,
        "moveSpeed": 0.0
    }
}
