{
    "RightSide": {
        "BaseColor": [
            0.2235294133424759,
            0.05098039284348488,
            0.0,
            0.0
        ],
        "Color Max": [
            0.572549045085907,
            0.0,
            0.0,
            0.0
        ],
        "Color Min": [
            0.0941176488995552,
            0.0,
            0.0,
            0.0
        ],
        "Gravity": 24.200000762939453,
        "IntervalTime": 0.23999999463558197,
        "LifeTime": 1.2000000476837158,
        "Particle Count": 24,
        "Position Base": [
            49.20000076293945,
            -9.0,
            0.0
        ],
        "Position Max": [
            1.0,
            1.0,
            0.0
        ],
        "Position Min": [
            -1.0,
            -1.0,
            0.0
        ],
        "Rotate Base": [
            0.0,
            0.0,
            0.0
        ],
        "Rotate Max": [
            0.0,
            0.0,
            0.0
        ],
        "Rotate Min": [
            0.0,
            0.0,
            0.0
        ],
        "RotateSpeed Base": [
            0.0,
            0.0,
            0.0
        ],
        "RotateSpeed Max": [
            0.0,
            0.0,
            0.0
        ],
        "RotateSpeed Min": [
            0.0,
            0.0,
            0.0
        ],
        "Scale Max": 1.0,
        "Scale Min": 1.0,
        "Velocity Max": [
            4.0,
            19.0,
            0.0
        ],
        "Velocity Min": [
            -5.0,
            2.0,
            0.0
        ],
        "isMoveForRail": false,
        "moveSpeed": 0.0
    }
}
