{
    "RightHand": {
        "BaseColor": [
            0.1882352977991104,
            0.3137255012989044,
            1.0,
            0.0
        ],
        "Color Max": [
            0.26274511218070984,
            0.20392157137393951,
            0.13333334028720856,
            0.0
        ],
        "Color Min": [
            0.0,
            0.16862745583057404,
            0.11764705926179886,
            0.0
        ],
        "Gravity": 1.600000023841858,
        "IntervalTime": 0.05999999865889549,
        "LifeTime": 0.8999999761581421,
        "Particle Count": 6,
        "Position Base": [
            0.0,
            0.0,
            0.0
        ],
        "Position Max": [
            1.0,
            0.5,
            0.5
        ],
        "Position Min": [
            -1.0,
            -1.0,
            0.0
        ],
        "RailRunSpeed": 81.27999877929688,
        "RailRunSpeedF": 60.0,
        "Rotate Base": [
            0.0,
            0.0,
            0.0
        ],
        "Rotate Max": [
            0.0,
            0.0,
            0.0
        ],
        "Rotate Min": [
            0.0,
            0.0,
            0.0
        ],
        "RotateSpeed Base": [
            0.0,
            0.0,
            0.0
        ],
        "RotateSpeed Max": [
            0.0,
            0.0,
            0.0
        ],
        "RotateSpeed Min": [
            0.0,
            0.0,
            0.0
        ],
        "Scale Max": 1.0,
        "Scale Min": 0.800000011920929,
        "Translate": [
            3.87032413482666,
            2.128679037094116,
            0.12967608869075775
        ],
        "Velocity Max": [
            1.100000023841858,
            3.0,
            0.699999988079071
        ],
        "Velocity Min": [
            -1.2999999523162842,
            1.899999976158142,
            -1.100000023841858
        ],
        "isMoveForRail": false,
        "moveSpeed": 0.0
    }
}
