{
    "ThrustDamage": {
        "AdaptRotateIsX": false,
        "AdaptRotateIsY": false,
        "AdaptRotateIsZ": true,
        "BaseColor": [
            0.0,
            0.4166666865348816,
            0.3308822810649872,
            0.0
        ],
        "Color Max": [
            1.0,
            1.0,
            1.0,
            0.0
        ],
        "Color Min": [
            0.5343137383460999,
            0.5343137383460999,
            0.5343137383460999,
            0.0
        ],
        "Gravity": -143.60000610351563,
        "IntervalTime": 0.03999999910593033,
        "LifeTime": 1.0,
        "Particle Count": 1,
        "Position Base": [
            0.0,
            0.0,
            0.0
        ],
        "Position Max": [
            1.0,
            1.0,
            1.0
        ],
        "Position Min": [
            -1.0,
            -1.0,
            -1.0
        ],
        "Rotate Base": [
            0.0,
            0.0,
            0.0
        ],
        "Rotate Max": [
            0.0,
            0.0,
            0.0
        ],
        "Rotate Min": [
            0.0,
            0.0,
            0.0
        ],
        "RotateSpeed Max": [
            0.0,
            0.0,
            43.20000076293945
        ],
        "RotateSpeed Min": [
            0.0,
            0.0,
            0.0
        ],
        "Scale Max": 1.0,
        "Scale Min": 1.0,
        "ScaleV3 Max": [
            0.0,
            0.0,
            0.0
        ],
        "ScaleV3 Min": [
            0.0,
            0.0,
            0.0
        ],
        "Velocity Max": [
            0.0,
            121.0,
            0.0
        ],
        "Velocity Min": [
            0.0,
            94.19999694824219,
            0.0
        ],
        "isBillBord": true,
        "isMoveForRail": false,
        "isRotateforDirection": false,
        "isScalerScale": true,
        "moveSpeed": 0.0
    }
}
