{
    "PunchAttackCamera": {
        "axisFlag": 7,
        "easeType": 3,
        "maxTime": 0.28999999165534973,
        "shakeLength": 0.6499999761581421,
        "shakeType": 0,
        "startTime": 1.0,
        "timeMode": 0
    }
}
