{
    "DamageCamera": {
        "axisFlag": 3,
        "easeType": 0,
        "maxTime": 0.20999999344348907,
        "shakeLength": 0.4099999964237213,
        "shakeType": 0,
        "startTime": 1.0,
        "timeMode": 0
    }
}
