{
    "AudienceController": {
        "BaseSeatsZYPos": [
            75.0999984741211,
            19.299999237060547
        ],
        "SeatsRowZYOffset": [
            2.4000000953674316,
            4.0
        ]
    }
}
