{
    "BackRope": {
        "CollisionPos": [
            0.0,
            0.0,
            -69.4000015258789
        ],
        "CollisionSize": [
            115.0,
            28.799999237060547,
            6.099999904632568
        ]
    }
}
