{
    "ComboUI_TwoDigit": {
        "position": [
            160.0,
            120.0
        ],
        "positionOffset": [
            0.0,
            0.4000000059604645
        ],
        "scaleOffset": [
            1.0,
            0.8799999952316284
        ]
    }
}
