{
    "ComboUnlockNotifier": {
        "BgSpriteOffset": [
            -27.0,
            -23.0
        ],
        "BgSpriteScale": [
            1.2100000381469727,
            0.7099999785423279
        ],
        "ButtonExtraScale": 1.0,
        "CardSpacingY": 46.0,
        "CloseOffsetTime": 4.400000095367432,
        "NotifyBasePositionX": 948.0,
        "NotifyBasePositionY": 309.0,
        "PreviewButtonOffset": [
            0.0,
            0.0
        ],
        "RBHintOffset": [
            86.0,
            65.0
        ],
        "RightAnchorX": 1200.0,
        "SlideStartOffsetX": 600.0,
        "TextSpriteOffset": [
            142.0,
            -46.0
        ],
        "TextSpriteScale": [
            0.3499999940395355,
            0.3499999940395355
        ],
        "arrowOffsetPos": [
            27.0,
            -64.9000015258789
        ],
        "spaceColumn": 56.0
    }
}
