{
    "ComboUI": {
        "basePosition": [
            103.4000015258789,
            247.6999969482422
        ],
        "baseScale": [
            2.0,
            2.0
        ],
        "digitOffset": [
            -28.799999237060547,
            0.0
        ],
        "rotateY": 1.2899999618530273,
        "scale": 0.4099999964237213
    }
}
