{
    "ComboAsistUI": {
        "arrowOffset": [
            27.799999237060547,
            0.0
        ],
        "arrowScale": 0.2199999988079071,
        "basePosition": [
            30.0,
            488.8999938964844
        ],
        "branchYOffset": 90.4000015258789,
        "buttonScale": 0.4699999988079071,
        "columnSpacing": 56.29999923706055,
        "maxVisibleColumn": 3,
        "maxVisibleRow": 1,
        "rowSpacing": 39.0
    }
}
