{
    "ComboUI_OneDigit": {
        "position": [
            240.0,
            120.0
        ],
        "positionOffset": [
            -1.2999999523162842,
            2.700000047683716
        ],
        "scale": [
            0.8999999761581421,
            0.8999999761581421
        ],
        "scaleOffset": [
            0.8999999761581421,
            0.8500000238418579
        ]
    }
}
