{
    "ComboChainGauge": {
        "color": [
            0.9420849680900574,
            0.42676877975463867,
            0.05819828063249588
        ],
        "position": [
            19.200000762939453,
            339.0
        ],
        "scale": [
            0.5,
            0.5
        ]
    }
}
