{
    "ComboAsistUI": {
        "arrowOffset": [
            27.799999237060547,
            0.0
        ],
        "arrowScale": 0.2199999988079071,
        "basePosition": [
            17.5,
            488.8999938964844
        ],
        "branchYOffset": 6.900000095367432,
        "buttonScale": 0.4699999988079071,
        "columnSpacing": 56.29999923706055,
        "maxVisibleColumn": 3,
        "maxVisibleRow": 1,
        "remainCountDigitSpacing": [
            12.699999809265137,
            0.0
        ],
        "remainCountOffset": [
            0.0,
            0.0
        ],
        "remainCountScale": [
            0.20000000298023224,
            0.20000000298023224
        ],
        "rowSpacing": 47.79999923706055,
        "yGroupOffsetY": 130.8000030517578
    }
}
