{
    "ComboUI": {
        "basePosition": [
            116.30000305175781,
            602.2999877929688
        ],
        "digitOffset": [
            83.5999984741211,
            0.0
        ]
    }
}
