{
    "ComboUI": {
        "basePosition": [
            84.19999694824219,
            254.89999389648438
        ],
        "baseScale": [
            3.0,
            3.0
        ],
        "color": [
            0.9420849680900574,
            0.42676877975463867,
            0.05819828063249588
        ],
        "digitOffset": [
            -28.799999237060547,
            0.0
        ],
        "hitSpriteOffset": [
            39.0,
            27.0
        ],
        "hitSpriteRotate": 1.350000023841858,
        "rotateY": 1.3600000143051147,
        "scale": 0.4099999964237213
    }
}
