{
    "ComboChainGauge": {
        "position": [
            84.19999694824219,
            290.0
        ],
        "scale": [
            1.0,
            1.0
        ],
        "color": [
            0.9420849680900574,
            0.42676877975463867,
            0.05819828063249588
        ]
    }
}
