{
    "ComboUI": {
        "basePosition": [
            224.5,
            602.2999877929688
        ],
        "digitOffset": [
            -73.9000015258789,
            0.0
        ]
    }
}
