{
    "ContinuousEnemySpawner": {
        "enabled": true,
        "fieldMargin": 12.100000381469727,
        "forwardDistanceMax": 84.9000015258789,
        "forwardDistanceMin": 44.099998474121094,
        "lateralOffsetMax": 6.599999904632568,
        "lateralOffsetMin": 1.100000023841858,
        "maxRetryCount": 6,
        "maxSpawnCount": 10,
        "minDistanceFromEnemies": 10.199999809265137,
        "spawnInterval": 8.600000381469727,
        "spawnRandomOffset.max": [
            10.899999618530273,
            11.699999809265137
        ],
        "spawnRandomOffset.min": [
            -11.100000381469727,
            -8.100000381469727
        ]
    }
}
