{
    "DeathTimerGauge": {
        "dangerColor": [
            0.9411764740943909,
            0.05098039284348488,
            0.05098039284348488,
            1.0
        ],
        "dangerThreshold": 0.3199999928474426,
        "normalColor": [
            0.7874706983566284,
            0.8610038757324219,
            0.19281168282032013,
            1.0
        ],
        "normalThreshold": 0.6000000238418579,
        "safeColor": [
            0.125490203499794,
            0.8941176533699036,
            0.08235294371843338,
            1.0
        ],
        "uvScrollSpeed": 0.0
    }
}
