{
    "DeathTimer": {
        "comboMaxMultiplier": 5.0,
        "comboMultiplierPerStep": 1.090000033378601,
        "comboStepSize": 50,
        "decreaseRate1": 0.6000000238418579,
        "decreaseRate2": 1.0,
        "decreaseRate3": 1.2000000476837158,
        "decreaseRate4": 1.5,
        "decreaseRate5": 2.0,
        "decreaseRate6": 2.5,
        "decrementSpeedRate": 0.28999999165534973,
        "incrementByComboLevelUP": 0.0,
        "incrementDuration": 0.11999999731779099,
        "incrementTime": 0.36000001430511475,
        "levelUpKillCount2": 0,
        "levelUpKillCount3": 10,
        "levelUpKillCount4": 15,
        "levelUpKillCount5": 20,
        "levelUpKillCount6": 25,
        "levelUpRecoveryAmount": 0.1599999964237213,
        "maxHP": 100.0,
        "maxTimer": 10.0,
        "recoveryDuration": 0.47999998927116394
    }
}
