{
    "DeathTimer": {
        "comboMaxMultiplier": 5.0,
        "comboMultiplierPerStep": 1.090000033378601,
        "comboStepSize": 50,
        "decreaseRate1": 0.0,
        "decreaseRate2": 0.0,
        "decreaseRate3": 0.0,
        "decreaseRate4": 0.0,
        "decreaseRate5": 0.0,
        "decreaseRate6": 0.0,
        "decrementSpeedRate": 0.28999999165534973,
        "incrementByComboLevelUP": 0.0,
        "incrementDuration": 0.11999999731779099,
        "incrementTime": 0.36000001430511475,
        "levelUpKillCount2": 0,
        "levelUpKillCount3": 8,
        "levelUpKillCount4": 10,
        "levelUpKillCount5": 14,
        "levelUpKillCount6": 15,
        "levelUpRecoveryAmount": 0.1599999964237213,
        "maxHP": 100.0,
        "maxTimer": 10.0,
        "recoveryDuration": 0.47999998927116394
    }
}
