{
    "DirectionalLight": {
        "Direction": [
            0.2131027728319168,
            -0.9549438953399658,
            -0.20656584203243256
        ],
        "Intensity": 0.800000011920929
    }
}
