{
    "DitherOcclusion": {
        "DitherAlpha": 0.20000000298023224,
        "FadeSpeed": 4.0,
        "MaxDistance": 68.0,
        "MinAlpha": 0.36000001430511475,
        "ScreenRadius": 600.0
    }
}
