{
    "Enemies": {
        "AttackCollisionOffset1": [
            0.0,
            0.0,
            0.0
        ],
        "AttackCollisionOffset2": [
            0.0,
            0.0,
            0.0
        ],
        "AttackCollisionSize1": [
            7.0,
            7.0,
            7.0
        ],
        "AttackCollisionSize2": [
            7.0,
            7.0,
            7.0
        ],
        "ChaseLimitDistance1": 14.0,
        "ChaseLimitDistance2": 14.0,
        "adaptTime1": 0.8500000238418579,
        "adaptTime2": 0.8500000238418579,
        "attackMoveDistance1": 5.699999809265137,
        "attackMoveDistance2": 5.699999809265137,
        "attackMoveSpeed1": 8.600000381469727,
        "attackMoveSpeed2": 8.600000381469727,
        "attackValue1": 10.0,
        "attackValue2": 10.0,
        "avoidanceRadius1": 20.0,
        "avoidanceRadius2": 20.0,
        "basePosY_1": 1.5,
        "basePosY_2": 1.5,
        "blowGravity1": 100.0,
        "blowGravity2": 100.0,
        "blowRotateSpeed1": 23.399999618530273,
        "blowRotateSpeed2": 23.399999618530273,
        "blowTime1": 0.25,
        "blowTime2": 0.25,
        "blowValueY_1": 50.0,
        "blowValueY_2": 50.0,
        "blowValue_1": 2.2799999713897705,
        "blowValue_2": 2.2799999713897705,
        "bossPlayerTriggerDistance": 22.0,
        "burstTime1": 0.5,
        "burstTime2": 0.5,
        "chaseDistance1": 44.970001220703125,
        "chaseDistance2": 61.04999923706055,
        "chaseDistanceMin1": 16.899999618530273,
        "chaseDistanceMin2": 19.600000381469727,
        "chaseResetTime1": 2.0,
        "chaseResetTime2": 2.0,
        "chaseSpeed1": 0.6000000238418579,
        "chaseSpeed2": 0.5,
        "chaseTime1": 4.699999809265137,
        "chaseTime2": 4.0,
        "collisionOffset1": [
            0.0,
            0.5,
            0.0
        ],
        "collisionOffset2": [
            0.0,
            0.5,
            0.0
        ],
        "collisionRad1": 3.0,
        "collisionRad2": 3.0,
        "collisionSize1": [
            4.5,
            6.800000190734863,
            3.700000047683716
        ],
        "collisionSize2": [
            4.5,
            6.800000190734863,
            3.700000047683716
        ],
        "deathBlowValue1": 2.2699999809265137,
        "deathBlowValue2": 2.2699999809265137,
        "deathBlowValueY1": 50.0,
        "deathBlowValueY2": 50.0,
        "deathBurstTime1": 0.5299999713897705,
        "deathBurstTime2": 0.5299999713897705,
        "deathGravity1": 100.0,
        "deathGravity2": 100.0,
        "deathRotateSpeed1": 23.0,
        "deathRotateSpeed2": 23.0,
        "discoveryDelayTime1": 0.23999999463558197,
        "discoveryDelayTime2": 0.23999999463558197,
        "escapeDistance1": 15.960000038146973,
        "escapeDistance2": 15.960000038146973,
        "escapeSpeed1": 0.4699999988079071,
        "escapeSpeed2": 0.4699999988079071,
        "escapeTime1": 1.2999999523162842,
        "escapeTime2": 1.2999999523162842,
        "fleeSpeed1": 0.5,
        "fleeSpeed2": 0.5,
        "gaugeIncreaseValue1": 1.0,
        "gaugeIncreaseValue2": 1.0,
        "groupIconWorldOffsetY1": 9.979999542236328,
        "groupIconWorldOffsetY2": 11.819999694824219,
        "hitbackRotateBackRatio1": 0.800000011920929,
        "hitbackRotateBackRatio2": 0.800000011920929,
        "hitbackRotateTime1": 0.5400000214576721,
        "hitbackRotateTime2": 0.5400000214576721,
        "hitbackRotateValue1": 0.5934119820594788,
        "hitbackRotateValue2": 0.5934119820594788,
        "hpBarDisplayDistance": 11.0,
        "hpBarPosOffset1": [
            90.11000061035156,
            198.5
        ],
        "hpBarPosOffset2": [
            56.130001068115234,
            324.9700012207031
        ],
        "hpBarWorldOffsetY1": 0.0,
        "hpBarWorldOffsetY2": 0.0,
        "initScale1": [
            6.0,
            6.0,
            6.0
        ],
        "initScale2": [
            9.0,
            9.0,
            9.0
        ],
        "maxChaseTime1": 5.0,
        "maxChaseTime2": 5.0,
        "normal_fleeSpeed": 0.05000000074505806,
        "normal_fleeTime": 2.0,
        "ropeReboundFallSpeedLimit1": 109.44000244140625,
        "ropeReboundFallSpeedLimit2": 109.44000244140625,
        "ropeReboundGravity1": 33.0,
        "ropeReboundGravity2": 33.0,
        "ropeReboundJumpValue1": 15.0,
        "ropeReboundJumpValue2": 15.0,
        "startTime1": 0.0,
        "startTime2": 0.0,
        "strong_tauntRange": 37.5,
        "thrustRotateSpeed1": 43.560001373291016,
        "thrustRotateSpeed2": 43.560001373291016,
        "upperFallSpeedLimit1": 1.2000000476837158,
        "upperFallSpeedLimit2": 1.2000000476837158,
        "upperGravity1": 3.509999990463257,
        "upperGravity2": 3.509999990463257,
        "upperJumpPower1": 1.350000023841858,
        "upperJumpPower2": 1.350000023841858,
        "waitCooldownTime1": 0.4000000059604645,
        "waitCooldownTime2": 1.0
    }
}
