{
    "EnemyHPBarColor": {
        "StageHigh_Color": [
            1.0,
            1.0,
            1.0
        ],
        "StageHigh_Threshold": 0.6930000185966492,
        "StageLow_Color": [
            0.8999999761581421,
            0.10000000149011612,
            0.10000000149011612
        ],
        "StageLow_Threshold": 0.0,
        "StageMid_Color": [
            0.949999988079071,
            0.8500000238418579,
            0.10000000149011612
        ],
        "StageMid_Threshold": 0.47099998593330383
    }
}
