{
    "EnemyHPBarColor": {
        "StageHigh_Color": [
            0.9541449546813965,
            0.9845559597015381,
            0.9541449546813965
        ],
        "StageHigh_Threshold": 0.6570000052452087,
        "StageLow_Color": [
            0.8999999761581421,
            0.10000000149011612,
            0.10000000149011612
        ],
        "StageLow_Threshold": 0.0,
        "StageMid_Color": [
            0.949999988079071,
            0.8500000238418579,
            0.10000000149011612
        ],
        "StageMid_Threshold": 0.44999998807907104
    }
}
