{
    "Enemies": {
        "AttackCollisionOffset1": [
            0.0,
            0.0,
            0.0
        ],
        "AttackCollisionOffset2": [
            0.0,
            0.0,
            0.0
        ],
        "AttackCollisionSize1": [
            7.0,
            7.0,
            7.0
        ],
        "AttackCollisionSize2": [
            0.0,
            0.0,
            0.0
        ],
        "ChaseLimitDistance1": 14.0,
        "ChaseLimitDistance2": 14.0,
        "adaptTime1": 0.8500000238418579,
        "adaptTime2": 0.0,
        "attackMoveDistance1": 5.699999809265137,
        "attackMoveDistance2": 0.0,
        "attackMoveSpeed1": 8.600000381469727,
        "attackMoveSpeed2": 0.0,
        "attackValue1": 10.0,
        "attackValue2": 0.0,
        "avoidanceRadius1": 20.0,
        "avoidanceRadius2": 20.0,
        "basePosY_1": 1.5,
        "basePosY_2": 1.5,
        "blowGravity1": 100.0,
        "blowGravity2": 100.0,
        "blowRotateSpeed1": 23.399999618530273,
        "blowRotateSpeed2": 22.6200008392334,
        "blowTime1": 0.25,
        "blowTime2": 3.0,
        "blowValueY_1": 50.0,
        "blowValueY_2": 50.0,
        "blowValue_1": 2.2799999713897705,
        "blowValue_2": 2.319999933242798,
        "burstTime1": 0.5,
        "burstTime2": 0.5,
        "chaseDistance1": 9.09000015258789,
        "chaseDistance2": 34.52000045776367,
        "chaseResetTime1": 2.0,
        "chaseResetTime2": 2.0,
        "chaseSpeed1": 1.1699999570846558,
        "chaseSpeed2": 0.3700000047683716,
        "collisionOffset1": [
            0.0,
            0.5,
            0.0
        ],
        "collisionOffset2": [
            0.0,
            0.0,
            0.0
        ],
        "collisionSize1": [
            4.5,
            6.800000190734863,
            3.700000047683716
        ],
        "collisionSize2": [
            1.5,
            1.5,
            1.5
        ],
        "deathBlowValue1": 2.2699999809265137,
        "deathBlowValue2": 2.2699999809265137,
        "deathBlowValueY1": 50.0,
        "deathBlowValueY2": 50.0,
        "deathBurstTime1": 0.5299999713897705,
        "deathBurstTime2": 0.5,
        "deathGravity1": 100.0,
        "deathGravity2": 100.0,
        "deathRotateSpeed1": 23.0,
        "deathRotateSpeed2": 23.0,
        "discoveryDelayTime1": 0.23999999463558197,
        "discoveryDelayTime2": 0.5,
        "escapeDistance1": 15.960000038146973,
        "escapeDistance2": 0.0,
        "escapeSpeed1": 0.4699999988079071,
        "escapeSpeed2": 0.5199999809265137,
        "escapeTime1": 1.2999999523162842,
        "escapeTime2": 1.7999999523162842,
        "hitbackRotateBackRatio1": 0.800000011920929,
        "hitbackRotateBackRatio2": 0.800000011920929,
        "hitbackRotateTime1": 0.5400000214576721,
        "hitbackRotateTime2": 0.5400000214576721,
        "hitbackRotateValue1": 0.5934119820594788,
        "hitbackRotateValue2": 0.6632251143455505,
        "hpBarPosOffset1": [
            56.130001068115234,
            99.29000091552734
        ],
        "hpBarPosOffset2": [
            56.130001068115234,
            99.29000091552734
        ],
        "initScale1": [
            6.0,
            6.0,
            6.0
        ],
        "initScale2": [
            6.0,
            6.0,
            6.0
        ],
        "maxChaseTime1": 5.0,
        "maxChaseTime2": 5.0,
        "ropeReboundFallSpeedLimit1": 109.44000244140625,
        "ropeReboundFallSpeedLimit2": 111.0,
        "ropeReboundGravity1": 33.0,
        "ropeReboundGravity2": 33.0,
        "ropeReboundJumpValue1": 15.0,
        "ropeReboundJumpValue2": 15.0,
        "startTime1": 0.0,
        "startTime2": 0.0,
        "thrustRotateSpeed1": 43.560001373291016,
        "thrustRotateSpeed2": 20.0,
        "upperFallSpeedLimit1": 1.2000000476837158,
        "upperFallSpeedLimit2": 1.2000000476837158,
        "upperGravity1": 3.509999990463257,
        "upperGravity2": 3.5199999809265137,
        "upperJumpPower1": 1.350000023841858,
        "upperJumpPower2": 1.350000023841858
    }
}
