{
    "FrontRope": {
        "CollisionPos": [
            -0.4000000059604645,
            0.0,
            68.5
        ],
        "CollisionSize": [
            115.0,
            28.799999237060547,
            6.699999809265137
        ]
    }
}
