{
    "GameCamera": {
        "backLashOffset_": [
            5.0,
            29.299999237060547,
            -63.70000076293945
        ],
        "backLashRatio_": 0.5799999833106995,
        "backLashTime_": 0.5799999833106995,
        "distance_": 0.0,
        "firstOffset_": [
            0.0,
            18.760000228881836,
            -38.599998474121094
        ],
        "firstRotate_": 12.705997467041016,
        "interpolationRotateYTime": 0.18000000715255737,
        "interpolationTargetTime": 0.10000000149011612,
        "rotateYSpeed": 0.09000000357627869,
        "useLookAt_": true,
        "zoomORotate_": 5.699999809265137,
        "zoomOffset_": [
            0.0,
            4.795000076293945,
            -16.0
        ]
    }
}
