{
    "GameCamera": {
        "backLashOffset_": [
            5.0,
            29.299999237060547,
            -63.70000076293945
        ],
        "backLashRatio_": 0.5799999833106995,
        "backLashTime_": 0.5799999833106995,
        "distance_": 0.0,
        "firstOffset_": [
            0.0,
            13.65999984741211,
            -35.54999923706055
        ],
        "firstRotate_": 5.515240669250488,
        "useLookAt_": true,
        "zoomORotate_": 5.699999809265137,
        "zoomOffset_": [
            0.0,
            4.795000076293945,
            -16.0
        ]
    }
}
