{
    "HowToOperate.png": {
        "layerNum": 1,
        "startAnchorPoint": [
            0.5,
            0.5
        ],
        "startColor": [
            1.0,
            1.0,
            1.0,
            1.0
        ],
        "startPosition": [
            1303.300048828125,
            707.4000244140625
        ],
        "startScale": [
            0.0,
            0.0
        ],
        "startUVScale": [
            1.0,
            1.0
        ]
    }
}
