{
    "IntroSpawnField": {
        "objSpawnTime": 5.0,
        "playerSpawnTime": 4.190000057220459,
        "purposeWaitTime": 0.2199999988079071,
        "waitTime": 0.5
    }
}
