{
    "JumpAttackUI": {
        "notOperateAlpha": 0.4699999988079071,
        "posValueOffsetA": [
            0.0,
            -15.399999618530273
        ],
        "posValueOffsetB": [
            8.5,
            -21.899999618530273
        ],
        "posValueOffsetX": [
            -8.5,
            -21.899999618530273
        ],
        "posValueOffsetY": [
            0.0,
            -35.099998474121094
        ]
    }
}
