{
    "KillBonusUI": {
        "basePos": [
            887.7000122070313,
            171.89999389648438
        ],
        "baseScale": [
            0.5,
            0.5
        ],
        "comboDecimalDigitOffset": [
            -10.0,
            7.0
        ],
        "comboDecimalPointOffset": [
            -16.0,
            7.0
        ],
        "comboLabelOffset": [
            -43.70000076293945,
            18.399999618530273
        ],
        "comboOffset": [
            -30.100000381469727,
            7.0
        ],
        "digitScale": [
            0.5,
            0.5
        ],
        "digitSpacing": [
            0.0,
            0.0
        ],
        "displayDuration": 2.0,
        "entryOffset": [
            -210.10000610351563,
            0.0
        ],
        "maxEntries": 6,
        "recoveryOffset": [
            -118.4000015258789,
            23.5
        ],
        "simKillBonusPerKill": 0.8600000143051147,
        "simKillLabelOffset": [
            -42.5,
            45.20000076293945
        ],
        "simKillOffset": [
            -24.700000762939453,
            32.5
        ],
        "toleranceFrames": 6
    }
}
