{
    "KillBonusUI": {
        "basePos": [
            488.6000061035156,
            171.89999389648438
        ],
        "baseScale": [
            0.5,
            0.5
        ],
        "bgColor": [
            0.2666666805744171,
            0.25882354378700256,
            0.25882354378700256,
            0.7803921699523926
        ],
        "bgOffset": [
            -3.0,
            27.700000762939453
        ],
        "bgScale": [
            2.5299999713897705,
            1.090000033378601
        ],
        "comboDecimalDigitOffset": [
            49.900001525878906,
            11.699999809265137
        ],
        "comboDecimalPointOffset": [
            43.599998474121094,
            15.5
        ],
        "comboLabelOffset": [
            -34.79999923706055,
            18.399999618530273
        ],
        "comboOffset": [
            23.700000762939453,
            11.699999809265137
        ],
        "digitScale": [
            0.30000001192092896,
            0.30000001192092896
        ],
        "digitSpacing": [
            17.200000762939453,
            0.0
        ],
        "displayDuration": 1.5399999618530273,
        "entryOffset": [
            277.3999938964844,
            0.0
        ],
        "maxEntries": 2,
        "recoveryOffset": [
            -118.4000015258789,
            23.5
        ],
        "simKillBonusPerKill": 0.8600000143051147,
        "simKillLabelOffset": [
            -25.899999618530273,
            45.20000076293945
        ],
        "simKillOffset": [
            42.70000076293945,
            39.70000076293945
        ],
        "toleranceFrames": 6,
        "toleranceTime": 0.10000000149011612
    }
}
