{
    "LeftRope": {
        "CollisionPos": [
            -68.5999984741211,
            -1.100000023841858,
            -2.5
        ],
        "CollisionSize": [
            8.5,
            24.299999237060547,
            126.69999694824219
        ]
    }
}
