{
    "LevelUI_OneDigit": {
        "positionOffset": [
            17.899999618530273,
            -22.700000762939453
        ],
        "scaleOffset": [
            1.0,
            1.0
        ]
    }
}
