{
    "LevelUI": {
        "basePosition": [
            83.30000305175781,
            384.6000061035156
        ],
        "baseScale": [
            0.9800000190734863,
            1.0
        ],
        "digitOffset": [
            22.899999618530273,
            0.0
        ],
        "labelOffset": [
            0.0,
            0.0
        ]
    }
}
