{
    "OperateUI_Reaction": {
        "pressColor_A": [
            1.0,
            0.8500000238418579,
            0.20000000298023224
        ],
        "pressColor_B": [
            1.0,
            0.8500000238418579,
            0.20000000298023224
        ],
        "pressColor_LB": [
            1.0,
            0.8500000238418579,
            0.20000000298023224
        ],
        "pressColor_X": [
            1.0,
            0.8500000238418579,
            0.20000000298023224
        ],
        "pressColor_Y": [
            1.0,
            0.8500000238418579,
            0.20000000298023224
        ],
        "pressScaleMultiplier": 0.8500000238418579
    }
}
