{
    "OperateUI_Reaction": {
        "pressColor_A": [
            0.18567101657390594,
            0.9073358774185181,
            0.2636888027191162
        ],
        "pressColor_B": [
            0.5482625365257263,
            0.5482625365257263,
            0.5482625365257263
        ],
        "pressColor_LB": [
            0.9266409277915955,
            0.44105955958366394,
            0.18246598541736603
        ],
        "pressColor_X": [
            0.10694531351327896,
            0.2818276584148407,
            0.8146718144416809
        ],
        "pressColor_Y": [
            1.0,
            0.8500000238418579,
            0.20000000298023224
        ],
        "pressScaleMultiplier": 0.8500000238418579
    }
}
