{
    "ResultUI": {
        "Kill_basePos": [
            520.0,
            420.0
        ],
        "Kill_baseScale": [
            0.8999999761581421,
            0.8999999761581421
        ],
        "Kill_digitScaleOffset": [
            -0.6899999976158142,
            0.6800000071525574
        ],
        "Kill_digitSpacing": 83.0,
        "Kill_labelOffset": [
            0.0,
            0.0
        ],
        "Kill_numberOffset": [
            341.0,
            4.0
        ],
        "Kill_startDelay": 0.0,
        "Kill_unitOffset": [
            537.0,
            0.0
        ],
        "RankLabel_basePos": [
            567.0,
            596.0
        ],
        "RankLabel_baseScale": [
            0.8999999761581421,
            0.8999999761581421
        ],
        "RankLabel_digitScaleOffset": [
            0.0,
            0.0
        ],
        "RankLabel_digitSpacing": 0.0,
        "RankLabel_labelOffset": [
            0.0,
            0.0
        ],
        "RankLabel_numberOffset": [
            0.0,
            0.0
        ],
        "RankLabel_startDelay": 0.0,
        "RankLabel_unitOffset": [
            0.0,
            0.0
        ],
        "Rank_basePos": [
            806.0,
            597.0
        ],
        "Rank_baseScale": [
            0.23000000417232513,
            0.44999998807907104
        ],
        "Rank_startDelay": 0.0,
        "ScoreForA": 70,
        "ScoreForS": 130,
        "Survival_basePos": [
            520.0,
            290.0
        ],
        "Survival_baseScale": [
            0.8999999761581421,
            0.8999999761581421
        ],
        "Survival_digitScaleOffset": [
            -0.6899999976158142,
            0.6800000071525574
        ],
        "Survival_digitSpacing": 83.0,
        "Survival_labelOffset": [
            0.0,
            0.0
        ],
        "Survival_numberOffset": [
            341.0,
            4.0
        ],
        "Survival_startDelay": 2.0,
        "Survival_unitOffset": [
            537.0,
            0.0
        ]
    }
}
