{
    "ResultRunner": {
        "basePos": [
            0.0,
            62.5,
            0.0
        ],
        "loopEndZ": 282.29998779296875,
        "loopStartZ": -122.0,
        "rotateY": 3.140000104904175,
        "runSpeed": 23.799999237060547,
        "scale": [
            8.0,
            8.0,
            8.0
        ],
        "zSpacing": 7.800000190734863
    }
}
