{
    "ResultStage": {
        "cameraPos": [
            335.20001220703125,
            72.30000305175781,
            83.80000305175781
        ],
        "cameraRot": [
            0.0,
            -1.590000033378601,
            0.0
        ]
    }
}
