{
    "ResultUI": {
        "Kill_basePos": [
            560.0,
            526.0
        ],
        "Kill_baseScale": [
            0.8999999761581421,
            0.8999999761581421
        ],
        "Kill_digitScaleOffset": [
            -0.6899999976158142,
            0.6800000071525574
        ],
        "Kill_digitSpacing": 83.0,
        "Kill_labelOffset": [
            0.0,
            0.0
        ],
        "Kill_numberOffset": [
            341.0,
            4.0
        ],
        "Kill_startDelay": 0.0,
        "Kill_unitOffset": [
            537.0,
            0.0
        ],
        "Rank_basePos": [
            640.0,
            614.0
        ],
        "Rank_baseScale": [
            1.0,
            1.0
        ],
        "Rank_startDelay": 0.0,
        "Survival_basePos": [
            560.0,
            434.0
        ],
        "Survival_baseScale": [
            0.8999999761581421,
            0.8999999761581421
        ],
        "Survival_digitScaleOffset": [
            -0.6899999976158142,
            0.6800000071525574
        ],
        "Survival_digitSpacing": 83.0,
        "Survival_labelOffset": [
            0.0,
            0.0
        ],
        "Survival_numberOffset": [
            341.0,
            4.0
        ],
        "Survival_startDelay": 2.0,
        "Survival_unitOffset": [
            537.0,
            0.0
        ]
    }
}
