{
    "RightRope": {
        "CollisionPos": [
            69.19999694824219,
            0.0,
            0.0
        ],
        "CollisionSize": [
            8.5,
            24.299999237060547,
            126.5
        ]
    }
}
