{
    "RopeController": {
        "delayTime": 0.7900000214576721,
        "maxStretch": 5.369999885559082,
        "reboundRate": 23.649999618530273,
        "stretchResistance": 0.8299999833106995
    }
}
