{
    "RopeController": {
        "delayTime": 0.10000000149011612,
        "maxStretch": 21.31999969482422,
        "reboundRate": 25.0,
        "stretchResistance": 2.0
    }
}
