{
    "RopeController": {
        "delayTime": 0.30000001192092896,
        "maxStretch": 10.220000267028809,
        "reboundRate": 66.0,
        "stretchResistance": 4.900000095367432
    }
}
