{
    "TitleScene": {
        "cameraRotation": [
            0.0,
            3.799999952316284,
            0.0
        ],
        "cameraRotationY": 3.799999952316284,
        "cameraTranslation": [
            7.800000190734863,
            3.5999999046325684,
            8.300000190734863
        ]
    }
}
