{
    "StrongUpperHitStop": {
        "duration": 0.3400000035762787,
        "timeMode": 0,
        "timeScale": 0.12999999523162842
    }
}
