{
    "GameOverCamera0": {
        "fov": 31.969999313354492,
        "fovEaseType": 0,
        "position": [
            0.0,
            4.0,
            -39.400001525878906
        ],
        "positionEaseType": 22,
        "rotation": [
            -0.19198621809482574,
            0.0,
            0.0
        ],
        "rotationEaseType": 0,
        "timeMode": 1,
        "timePoint": 0.4300000071525574
    }
}
