{
    "StarAttackEffect2": {
        "AdaptRotateIsX": false,
        "AdaptRotateIsY": false,
        "AdaptRotateIsZ": true,
        "BaseColor": [
            0.05069989711046219,
            0.6911196708679199,
            0.4463258981704712,
            0.0
        ],
        "Color Max": [
            0.0,
            0.0,
            0.0,
            0.0
        ],
        "Color Min": [
            0.0,
            0.0,
            0.0,
            0.0
        ],
        "Direction Max": [
            0.0,
            0.0,
            0.0
        ],
        "Direction Min": [
            0.0,
            0.0,
            0.0
        ],
        "Gravity": -73.5999984741211,
        "IntervalTime": 1.0,
        "LifeTime": 0.7699999809265137,
        "Max Particle Num": 1000,
        "Particle Count": 60,
        "Position Base": [
            0.0,
            0.0,
            -0.6299999952316284
        ],
        "Position Max": [
            0.0,
            0.0,
            0.0
        ],
        "Position Min": [
            0.0,
            0.0,
            0.0
        ],
        "RailFileName": "",
        "Rotate Base": [
            0.0,
            0.0,
            0.0
        ],
        "Rotate Max": [
            0.0,
            0.0,
            0.0
        ],
        "Rotate Min": [
            0.0,
            0.0,
            0.0
        ],
        "RotateSpeed Max": [
            0.0,
            0.0,
            40.400001525878906
        ],
        "RotateSpeed Min": [
            0.0,
            0.0,
            30.299999237060547
        ],
        "Scale Max": 1.5,
        "Scale Min": 1.5,
        "ScaleV3 Max": [
            0.0,
            0.0,
            0.0
        ],
        "ScaleV3 Min": [
            0.0,
            0.0,
            0.0
        ],
        "Speed Max": 0.0,
        "Speed Min": 0.0,
        "SpeedV3 Max": [
            17.719999313354492,
            36.91999816894531,
            0.0
        ],
        "SpeedV3 Min": [
            -17.360000610351563,
            7.849999904632568,
            0.0
        ],
        "StartTime": 0.0,
        "UV IsLoop": false,
        "UV NumOfFrame": 0,
        "UV Pos": [
            0.0,
            0.0
        ],
        "UV Rotate": [
            0.0,
            0.0,
            0.0
        ],
        "UV ScrollSpeed": 0.0,
        "UV isFlipX": false,
        "UV isFlipY": false,
        "UV isScroll": false,
        "UV isScrollEachPixel": false,
        "UseRail": false,
        "afterDuration": 0.0,
        "blendMode": 1,
        "emitPositionMode": 2,
        "isAlphaNoMove": false,
        "isBillBord": true,
        "isFloatVelocity": false,
        "isRotateForDirection": false,
        "isScalerScale": true,
        "isShot": true,
        "modelFilePath": "",
        "preBillBordType": 0,
        "primitiveTypeInt": 0,
        "scaleEaseParam.backRatio": 0.0,
        "scaleEaseParam.easeTypeInt": 0,
        "scaleEaseParam.endValueF.max": 0.0,
        "scaleEaseParam.endValueF.min": 0.0,
        "scaleEaseParam.endValueV3.max": [
            0.0,
            0.0,
            0.0
        ],
        "scaleEaseParam.endValueV3.min": [
            0.0,
            0.0,
            0.0
        ],
        "scaleEaseParam.isScaleEase": true,
        "scaleEaseParam.maxTime": 0.7099999785423279,
        "scaleEaseParam.startValueF": 1.0,
        "scaleEaseParam.startValueV3": [
            1.0,
            1.0,
            1.0
        ],
        "selectedTexturePath": "Resources/texture/Particle/Start.png",
        "timeMode": 1,
        "useModel": false
    }
}
