{
    "FallAttackPreAction0": {
        "fov": 53.52000045776367,
        "fovEaseType": 19,
        "position": [
            -1.399999976158142,
            -5.800000190734863,
            24.600000381469727
        ],
        "positionEaseType": 19,
        "rotation": [
            0.13962633907794952,
            0.0,
            0.0
        ],
        "rotationEaseType": 19,
        "timeMode": 1,
        "timePoint": 0.30000001192092896
    }
}
