{
    "FallAttackPreAction0": {
        "fov": 45.0,
        "fovEaseType": 19,
        "position": [
            -3.0999999046325684,
            -5.099999904632568,
            16.200000762939453
        ],
        "positionEaseType": 19,
        "rotation": [
            0.0,
            0.0,
            0.0
        ],
        "rotationEaseType": 19,
        "timeMode": 1,
        "timePoint": 0.5
    }
}
