{
    "LeftPunch0": {
        "fov": 45.0,
        "fovEaseType": 0,
        "position": [
            0.0,
            0.0,
            0.0
        ],
        "positionEaseType": 0,
        "rotation": [
            0.0,
            -0.05235987901687622,
            0.0
        ],
        "rotationEaseType": 0,
        "timeMode": 0,
        "timePoint": 0.30000001192092896
    }
}
