{
    "PlayerthrustAttack2": {
        "fov": -1.0161677721498563e-08,
        "fovEaseType": 0,
        "position": [
            3.020218580159278e-41,
            0.0,
            0.0
        ],
        "positionEaseType": 0,
        "rotation": [
            0.0,
            -1.0161677721498563e-08,
            3.1713857109176586e-24
        ],
        "rotationEaseType": 0,
        "timeMode": 0,
        "timePoint": 1.0
    }
}
