{
    "PlayerthrustAttack2": {
        "fov": 45.0,
        "fovEaseType": 0,
        "position": [
            0.0,
            36.099998474121094,
            0.0
        ],
        "positionEaseType": 0,
        "rotation": [
            0.0,
            0.0,
            0.0
        ],
        "rotationEaseType": 0,
        "timeMode": 1,
        "timePoint": 0.7400000095367432
    }
}
