{
    "PlayerthrustAttack1": {
        "fov": 0.7853981852531433,
        "fovEaseType": 0,
        "position": [
            -0.20000000298023224,
            6.699999809265137,
            -17.299999237060547
        ],
        "positionEaseType": 0,
        "rotation": [
            0.13962633907794952,
            0.0,
            0.0
        ],
        "rotationEaseType": 0,
        "timeMode": 1,
        "timePoint": 0.1599999964237213
    }
}
