{
    "PlayerthrustAttack0": {
        "fov": 0.7853981852531433,
        "fovEaseType": 0,
        "position": [
            0.0,
            0.0,
            3.0
        ],
        "positionEaseType": 0,
        "rotation": [
            0.0,
            0.0,
            0.0
        ],
        "rotationEaseType": 0,
        "timeMode": 0,
        "timePoint": 0.17000000178813934
    }
}
