{
    "PlayerthrustAttack1": {
        "fov": 7.0,
        "fovEaseType": 1,
        "position": [
            43.0,
            0.0,
            7.0
        ],
        "positionEaseType": 1472968915,
        "rotation": [
            -1.793662034335766e-42,
            3.60133705331478e-43,
            0.0
        ],
        "rotationEaseType": 1,
        "timeMode": 0,
        "timePoint": 4.849999904632568
    }
}
