{
    "PlayerthrustAttack0": {
        "fov": 0.7853981852531433,
        "fovEaseType": 0,
        "position": [
            -3.200000047683716,
            -6.699999809265137,
            11.399999618530273
        ],
        "positionEaseType": 0,
        "rotation": [
            0.0,
            0.0,
            0.0
        ],
        "rotationEaseType": 0,
        "timeMode": 0,
        "timePoint": 0.28999999165534973
    }
}
