{
    "PlayerthrustAttack0": {
        "fov": 45.0,
        "fovEaseType": 16,
        "position": [
            -3.200000047683716,
            -6.699999809265137,
            11.399999618530273
        ],
        "positionEaseType": 16,
        "rotation": [
            0.0,
            0.0,
            0.0
        ],
        "rotationEaseType": 16,
        "timeMode": 0,
        "timePoint": 0.10000000149011612
    }
}
