{
    "PlayerthrustAttack1": {
        "fov": 0.7850000262260437,
        "fovEaseType": 6,
        "position": [
            -1.0,
            19.799999237060547,
            -42.099998474121094
        ],
        "positionEaseType": 22,
        "rotation": [
            0.0872664675116539,
            0.0,
            0.0
        ],
        "rotationEaseType": 6,
        "timeMode": 1,
        "timePoint": 0.30000001192092896
    }
}
