{
    "PlayerthrustAttack0": {
        "fov": 0.7853981852531433,
        "fovEaseType": 0,
        "position": [
            -3.200000047683716,
            -6.199999809265137,
            12.399999618530273
        ],
        "positionEaseType": 0,
        "rotation": [
            0.0,
            0.0,
            0.0
        ],
        "rotationEaseType": 0,
        "timeMode": 0,
        "timePoint": 0.17000000178813934
    }
}
