{
    "sdsdsd2": {
        "fov": 0.7853981852531433,
        "fovEaseType": 0,
        "position": [
            17.5,
            65.9000015258789,
            0.0
        ],
        "positionEaseType": 0,
        "rotation": [
            5.900000095367432,
            0.0,
            0.0
        ],
        "rotationEaseType": 0,
        "timePoint": 1.6299999952316284
    }
}
