{
    "sdsdsd0": {
        "fov": 0.7853981852531433,
        "fovEaseType": 0,
        "position": [
            25.600000381469727,
            0.0,
            0.0
        ],
        "positionEaseType": 0,
        "rotation": [
            0.0,
            0.0,
            0.0
        ],
        "rotationEaseType": 0,
        "timePoint": 0.550000011920929
    }
}
