{
    "UpperAtk1": {
        "fov": 55.65999984741211,
        "fovEaseType": 22,
        "position": [
            -27.899999618530273,
            -9.399999618530273,
            -16.899999618530273
        ],
        "positionEaseType": 22,
        "rotation": [
            0.10471975803375244,
            1.326450228691101,
            0.0
        ],
        "rotationEaseType": 22,
        "timeMode": 1,
        "timePoint": 0.4099999964237213
    }
}
