{
    "BombLanding": {
        "dissolveColor": [
            1.0,
            0.0,
            0.0
        ],
        "dissolveThreshold": -0.027414308860898018,
        "durationTime": 6.019999980926514,
        "easeType": 22,
        "gaussSigma": 1.0,
        "luminanceWeightRate": 0.30000001192092896,
        "outlineWeightRate": 0.30000001192092896,
        "paramEnd": 0.0,
        "paramStart": 0.42100000381469727,
        "postEffectMode": 7,
        "radialBlurWidth": 0.05000000074505806,
        "radialCenter": [
            0.5,
            0.5
        ],
        "startTime": 0.0
    }
}
