{
    "RTest": {
        "EmitInterval": 1.0,
        "EndColor": [
            1.0,
            0.6000000238418579,
            0.20000000298023224,
            0.7882353067398071
        ],
        "EndWidth": 0.3149999976158142,
        "Lifetime": 4.400000095367432,
        "MaxPoints": 158,
        "StartColor": [
            1.0,
            0.6000000238418579,
            0.20000000298023224,
            1.0
        ],
        "StartWidth": 1.6369999647140503,
        "TexturePath": ""
    }
}
