{
    "FallAttackCamera": {
        "axisFlag": 3,
        "easeType": 1,
        "maxTime": 0.7799999713897705,
        "shakeLength": 1.809999942779541,
        "shakeType": 1,
        "startTime": 1.0
    }
}
