{
    "FallAttackCamera": {
        "axisFlag": 2,
        "easeType": 0,
        "maxTime": 0.699999988079071,
        "shakeLength": 0.9399999976158142,
        "shakeType": 1,
        "startTime": 0.8999999761581421
    }
}
