{
    "PunchAttackCamera": {
        "axisFlag": 7,
        "easeType": 6,
        "maxTime": 0.28999999165534973,
        "shakeLength": 0.1599999964237213,
        "shakeType": 0,
        "startTime": 1.0
    }
}
