{
    "sdfsfdfsd": {
        "axisFlag": 7,
        "easeType": 0,
        "maxTime": 0.10000000149011612,
        "shakeLength": 1.940000057220459,
        "shakeType": 0,
        "startTime": 1.0
    }
}
