{
    "ThurstAttackCamera": {
        "axisFlag": 3,
        "easeType": 4,
        "maxTime": 0.3499999940395355,
        "shakeLength": 0.7799999713897705,
        "shakeType": 0,
        "startTime": 1.0
    }
}
