{
    "ThurstAttackCamera": {
        "axisFlag": 3,
        "easeType": 4,
        "maxTime": 0.5199999809265137,
        "shakeLength": 1.2699999809265137,
        "shakeType": 0,
        "startTime": 1.0
    }
}
