{
    "RTest": {
        "EmitInterval": 0.0560000017285347,
        "EndColor": [
            0.5882353186607361,
            0.7372549176216125,
            0.1921568661928177,
            1.0
        ],
        "EndWidth": 0.3330000042915344,
        "Lifetime": 0.949999988079071,
        "MaxPoints": 34,
        "StartColor": [
            1.0,
            0.572549045085907,
            0.24705882370471954,
            1.0
        ],
        "StartWidth": 1.312999963760376,
        "TexturePath": ""
    }
}
