{
    "PurposeUI/gamePurposeNo3.png": {
        "layerNum": 3,
        "startAnchorPoint": [
            0.5,
            0.5
        ],
        "startColor": [
            1.0,
            1.0,
            1.0,
            1.0
        ],
        "startPosition": [
            1245.0999755859375,
            382.8999938964844
        ],
        "startScale": [
            1.0,
            1.0
        ],
        "startUVScale": [
            1.0,
            1.0
        ]
    }
}
