{
    "PurposeUI/gamePurposeNo2.png": {
        "layerNum": 3,
        "startAnchorPoint": [
            0.5,
            0.5
        ],
        "startColor": [
            1.0,
            1.0,
            1.0,
            1.0
        ],
        "startPosition": [
            816.7999877929688,
            382.8999938964844
        ],
        "startScale": [
            0.0,
            0.0
        ],
        "startUVScale": [
            1.0,
            1.0
        ]
    }
}
