{
    "PushScalingUI": {
        "Original_Alpha": 1.0,
        "Original_Color": [
            1.0,
            1.0,
            1.0
        ],
        "Original_Position": [
            0.0,
            0.0
        ],
        "Original_Rotation": [
            0.0,
            0.0,
            0.0
        ],
        "Original_Scale": [
            0.6299999952316284,
            0.6299999952316284
        ]
    }
}
