{
    "DashRollingCamera0": {
        "fov": 76.05999755859375,
        "fovEaseType": 22,
        "position": [
            -13.0,
            -23.200000762939453,
            15.699999809265137
        ],
        "positionEaseType": 22,
        "rotation": [
            -0.5061452984809875,
            0.2617993950843811,
            0.0
        ],
        "rotationEaseType": 22,
        "timeMode": 1,
        "timePoint": 0.8199999928474426
    }
}
