{
    "CameraZoomOut": {
        "StartTimeOffset": 0.0,
        "amplitude": 0.0,
        "endValue": [
            5.0,
            29.299999237060547,
            -63.70000076293945
        ],
        "finishOffsetTime": 0.0,
        "finishType": 1,
        "maxTime": 0.33639999271221,
        "period": 0.0,
        "returnMaxTime": 0.24359999060631,
        "returnType": 18,
        "startValue": [
            5.0,
            13.0,
            -29.0
        ],
        "type": 19,
        "waitTime": 0.0
    }
}
