{
  "EnemyArchingPos": {
    "amplitude": 0.0,
    "backRatio": 0.0,
    "endValue": [
      0.0,
      18.84955596923828,
      0.0
    ],
    "finishOffsetTime": 0.0,
    "finishType": 1,
    "maxTime": 0.20000000298023224,
    "period": 0.0,
    "startValue": [
      0.0,
      0.0,
      0.0
    ],
    "type": 7,
    "waitTime": 0.0
  }
}
