{
    "FireInjectorScaling": {
        "amplitude": 0.0,
        "backRatio": 0.1599999964237213,
        "endValue": [
            0.6000000238418579,
            1.6699999570846558,
            0.6000000238418579
        ],
        "finishOffsetTime": 0.0,
        "finishType": 0,
        "maxTime": 0.4300000071525574,
        "period": 0.0,
        "startValue": [
            1.0,
            1.0,
            1.0
        ],
        "type": 46,
        "waitTime": 0.0
    }
}