{
    "PlayerLandingScale": {
        "StartTimeOffset": 0.0,
        "amplitude": 0.0,
        "backRatio": 0.0,
        "endValue": [
            1.2000000476837158,
            0.699999988079071,
            1.2000000476837158
        ],
        "finishOffsetTime": 0.0,
        "finishType": 0,
        "maxTime": 0.5,
        "period": 0.0,
        "startValue": [
            1.0,
            1.0,
            1.0
        ],
        "type": 46,
        "waitTime": 0.0
    }
}