{
    "test2": {
        "amplitude": 0.0,
        "backRatio": 0.0,
        "endValue": [
            6.179999828338623,
            0.0,
            0.0
        ],
        "finishOffsetTime": 0.0,
        "finishType": 0,
        "maxTime": 0.8299999833106995,
        "period": 0.30000001192092896,
        "startValue": [
            0.0,
            0.0,
            0.0
        ],
        "type": 38,
        "waitTime": 0.0
    }
}