{
    "test3": {
        "amplitude": 0.0,
        "backRatio": 0.0,
        "endValue": [
            7.690000057220459,
            5.0,
            5.0
        ],
        "finishOffsetTime": 0.0,
        "finishType": 1,
        "maxTime": 0.5799999833106995,
        "period": 0.0,
        "startValue": [
            10.819999694824219,
            1.309999942779541,
            0.0
        ],
        "type": 26,
        "waitTime": 0.4099999964237213
    }
}