{
    "test2": {
        "amplitude": 2.0,
        "backRatio": 0.0,
        "endValue": [
            1.0,
            1.0,
            1.0
        ],
        "finishType": 0,
        "maxTime": 0.7400000095367432,
        "period": 0.20000000298023224,
        "startValue": [
            5.0,
            5.0,
            5.0
        ],
        "type": 27
    }
}