{
    "ZoomOut": {
        "amplitude": 0.0,
        "backRatio": 0.0,
        "endValue": [
            5.0,
            13.0,
            -29.0
        ],
        "finishOffsetTime": 0.009999999776482582,
        "finishType": 1,
        "maxTime": 0.20000000298023224,
        "period": 0.0,
        "startValue": [
            0.0,
            4.795000076293945,
            -16.0
        ],
        "type": 12,
        "waitTime": 0.0
    }
}