{
    "EnemyFindScaling": {
        "StartTimeOffset": 0.0,
        "amplitude": 1.5,
        "backRatio": 0.0,
        "endValue": [
            1.399999976158142,
            1.399999976158142,
            1.399999976158142
        ],
        "finishOffsetTime": 0.0,
        "finishType": 0,
        "maxTime": 0.6000000238418579,
        "period": 0.20000000298023224,
        "startValue": [
            1.399999976158142,
            1.399999976158142,
            1.399999976158142
        ],
        "type": 27,
        "waitTime": 0.0
    }
}