{
    "FireInjectorScaling": {
        "StartTimeOffset": 0.0,
        "amplitude": 0.0,
        "endValue": [
            0.6000000238418579,
            1.6699999570846558,
            0.6000000238418579
        ],
        "finishOffsetTime": 0.0,
        "finishType": 1,
        "maxTime": 0.06880000114441,
        "period": 0.0,
        "returnMaxTime": 0.36120000600815,
        "returnType": 19,
        "startValue": [
            1.0,
            1.0,
            1.0
        ],
        "type": 18,
        "waitTime": 0.0
    }
}
