{
    "StadiumLightPulus": {
        "StartTimeOffset": 0.0,
        "amplitude": 0.0,
        "endValue": [
            1.2999999523162842,
            1.100000023841858,
            1.2999999523162842
        ],
        "finishOffsetTime": 0.0,
        "finishType": 1,
        "maxTime": 0.21999999880791,
        "period": 0.0,
        "returnMaxTime": 0.21999999880791,
        "returnType": 10,
        "startValue": [
            1.0,
            1.0,
            1.0
        ],
        "type": 9,
        "waitTime": 0.0
    }
}
