{
    "CollisionManager": {
        "cellSize": 13.0,
        "isColliderVisible": true,
        "worldMax": [
            24.0,
            21.399999618530273,
            70.69999694824219
        ],
        "worldMin": [
            -23.100000381469727,
            -17.5,
            -50.099998474121094
        ]
    }
}
