{
    "CollisionManager": {
        "cellSize": 7.400000095367432,
        "isColliderVisible": true,
        "worldMax": [
            59.0,
            18.299999237060547,
            64.0999984741211
        ],
        "worldMin": [
            -78.69999694824219,
            -5.599999904632568,
            -72.5
        ]
    }
}
