{
    "awz": {
        "easeType": 3,
        "isLoop": true,
        "maxTime": 0.4399999976158142,
        "startTime": 0.6800000071525574
    }
}
