{
    "StrongAttackCamera0": {
        "fov": 45.0,
        "fovEaseType": 22,
        "position": [
            -15.800000190734863,
            2.0,
            -16.200000762939453
        ],
        "positionEaseType": 22,
        "rotation": [
            0.0,
            0.5235987901687622,
            0.0
        ],
        "rotationEaseType": 22,
        "timeMode": 1,
        "timePoint": 1.0
    }
}
