{
    "StrongAttackCamera0": {
        "fov": 70.31999969482422,
        "fovEaseType": 22,
        "position": [
            1.0,
            2.299999952316284,
            15.699999809265137
        ],
        "positionEaseType": 22,
        "rotation": [
            -0.06981314718723297,
            -0.03490658476948738,
            0.0
        ],
        "rotationEaseType": 22,
        "timeMode": 1,
        "timePoint": 1.3300000429153442
    }
}
