{
    "KillBonusFly": {
        "DistortionStrength": 3.0,
        "DistortionTexturePath": "",
        "EmitInterval": 0.004999999888241291,
        "EndColor": [
            0.4000000059604645,
            0.800000011920929,
            1.0,
            0.0
        ],
        "EndWidth": 0.0,
        "Lifetime": 0.5,
        "MaxPoints": 64,
        "StartColor": [
            0.6000000238418579,
            1.0,
            1.0,
            1.0
        ],
        "StartWidth": 0.800000011920929,
        "TexturePath": "",
        "UseDistortion": true
    }
}
