{
    "KillBonusFly": {
        "DistortionStrength": 0.1899999976158142,
        "DistortionTexturePath": "Resources/EngineTexture/Noise/PerlinNoise.dds",
        "DistortionUVScrollSpeed": [
            0.33000001311302185,
            0.0
        ],
        "EmitInterval": 0.004999999888241291,
        "EndColor": [
            1.0,
            0.3999999761581421,
            0.3999999761581421,
            1.0
        ],
        "EndWidth": 5.0,
        "Lifetime": 0.5,
        "MaxPoints": 64,
        "StartColor": [
            0.6000000238418579,
            1.0,
            1.0,
            1.0
        ],
        "StartWidth": 5.0,
        "TexturePath": "Resources/EngineTexture/Trail/trailFile.dds",
        "UVScrollSpeed": [
            0.23000000417232513,
            0.0
        ],
        "UseDistortion": true
    }
}
