{
    "FallRandingCamera0": {
        "fov": 45.0,
        "fovEaseType": 0,
        "position": [
            0.0,
            0.0,
            -21.200000762939453
        ],
        "positionEaseType": 12,
        "rotation": [
            0.0,
            0.0,
            0.0
        ],
        "rotationEaseType": 0,
        "timeMode": 1,
        "timePoint": 0.2800000011920929
    }
}
