{
    "DefaultFireAuraBlue0": {
        "AdaptRotateIsX": false,
        "AdaptRotateIsY": false,
        "AdaptRotateIsZ": false,
        "AlphaEaseParam.backRatio": 0.0,
        "AlphaEaseParam.easeTypeInt": 0,
        "AlphaEaseParam.endValue.max": 0.0,
        "AlphaEaseParam.endValue.min": 0.0,
        "AlphaEaseParam.isEase": false,
        "AlphaEaseParam.maxTime": 1.0,
        "BaseColor": [
            0.9729729890823364,
            0.35602623224258423,
            0.09015963226556778,
            0.0
        ],
        "Color Max": [
            0.26274511218070984,
            0.20392157137393951,
            0.13333334028720856,
            0.0
        ],
        "Color Min": [
            0.0,
            0.16862745583057404,
            0.11764705926179886,
            0.0
        ],
        "ColorEaseParam.backRatio": 0.0,
        "ColorEaseParam.easeTypeInt": 0,
        "ColorEaseParam.endValue.max": [
            0.0,
            0.0,
            0.0
        ],
        "ColorEaseParam.endValue.min": [
            0.0,
            0.0,
            0.0
        ],
        "ColorEaseParam.isEase": false,
        "ColorEaseParam.maxTime": 1.0,
        "Cyl.bottomColor": [
            1.0,
            1.0,
            1.0,
            1.0
        ],
        "Cyl.bottomRadiusX": 1.0,
        "Cyl.bottomRadiusZ": 1.0,
        "Cyl.divisions": 32,
        "Cyl.endAngleDeg": 360.0,
        "Cyl.height": 3.0,
        "Cyl.heightDivisions": 1,
        "Cyl.startAngleDeg": 0.0,
        "Cyl.topColor": [
            1.0,
            1.0,
            1.0,
            1.0
        ],
        "Cyl.topRadiusX": 1.0,
        "Cyl.topRadiusZ": 1.0,
        "Cyl.uvModeInt": 0,
        "Direction Max": [
            0.25,
            1.0,
            0.0
        ],
        "Direction Min": [
            -0.2800000011920929,
            1.0,
            0.0
        ],
        "Gravity": 1.600000023841858,
        "IntervalTime": 0.09000000357627869,
        "IsScreenPos": false,
        "LifeTime": 0.8999999761581421,
        "Max Particle Num": 1000,
        "Particle Count": 14,
        "Position Base": [
            0.0,
            0.0,
            -0.41999998688697815
        ],
        "Position Max": [
            0.7300000190734863,
            0.5,
            0.5
        ],
        "Position Min": [
            -0.6600000262260437,
            -1.0,
            0.0
        ],
        "RailFileName": "",
        "Rotate Base": [
            0.0,
            0.0,
            0.0
        ],
        "Rotate Max": [
            0.0,
            0.0,
            0.0
        ],
        "Rotate Min": [
            0.0,
            0.0,
            0.0
        ],
        "RotateEaseParam.easeTypeInt": 0,
        "RotateEaseParam.endValueV3.max": [
            0.0,
            0.0,
            0.0
        ],
        "RotateEaseParam.endValueV3.min": [
            0.0,
            0.0,
            0.0
        ],
        "RotateEaseParam.isScaleEase": false,
        "RotateEaseParam.maxTime": 1.0,
        "RotateSpeed Max": [
            0.0,
            0.0,
            0.0
        ],
        "RotateSpeed Min": [
            0.0,
            0.0,
            0.0
        ],
        "Scale Max": 1.5,
        "Scale Min": 1.5,
        "ScaleV3 Max": [
            0.0,
            0.0,
            0.0
        ],
        "ScaleV3 Min": [
            0.0,
            0.0,
            0.0
        ],
        "Speed Max": 9.130000114440918,
        "Speed Min": 8.949999809265137,
        "SpeedV3 Max": [
            0.0,
            0.0,
            0.0
        ],
        "SpeedV3 Min": [
            0.0,
            0.0,
            0.0
        ],
        "StartTime": 0.0,
        "TranslateEaseParam.easeTypeInt": 0,
        "TranslateEaseParam.endValueV3.max": [
            0.0,
            0.0,
            0.0
        ],
        "TranslateEaseParam.endValueV3.min": [
            0.0,
            0.0,
            0.0
        ],
        "TranslateEaseParam.isReturnToOrigin": false,
        "TranslateEaseParam.isScaleEase": false,
        "TranslateEaseParam.maxTime": 1.0,
        "TranslateEaseParam.returnEaseTypeInt": 0,
        "TranslateEaseParam.returnMaxTime": 0.0,
        "UV IsLoop": false,
        "UV NumOfFrame": 1,
        "UV Pos": [
            0.0,
            0.0
        ],
        "UV Rotate": [
            0.0,
            0.0,
            0.0
        ],
        "UV Scale": [
            1.0,
            1.0
        ],
        "UV ScrollSpeed": 0.0,
        "UV isFlipX": false,
        "UV isFlipY": false,
        "UseRail": false,
        "afterDuration": 0.0,
        "alphaMode": 1,
        "blendMode": 1,
        "dissolveName": "",
        "distortionStrength": 0.05000000074505806,
        "distortionTexturePath": "",
        "emissiveIntensity": 1.0,
        "emitPositionMode": 2,
        "emitShape": 0,
        "isAlphaNoMove": false,
        "isBillboard": true,
        "isFloatVelocity": true,
        "isRotateForDirection": false,
        "isScalerScale": true,
        "isShot": false,
        "modelFilePath": "",
        "parentFollowR": true,
        "parentFollowS": true,
        "parentFollowT": true,
        "preBillboardType": 0,
        "primitiveTypeInt": 0,
        "scaleEaseParam.backRatio": 0.0,
        "scaleEaseParam.easeTypeInt": 0,
        "scaleEaseParam.endValueF.max": 0.0,
        "scaleEaseParam.endValueF.min": 0.0,
        "scaleEaseParam.endValueV3.max": [
            0.0,
            0.0,
            0.0
        ],
        "scaleEaseParam.endValueV3.min": [
            0.0,
            0.0,
            0.0
        ],
        "scaleEaseParam.isReturnToOrigin": false,
        "scaleEaseParam.isScaleEase": true,
        "scaleEaseParam.maxTime": 0.3400000035762787,
        "scaleEaseParam.returnEaseTypeInt": 0,
        "scaleEaseParam.returnMaxTime": 0.0,
        "scaleEaseParam.startValueF": 1.0,
        "scaleEaseParam.startValueV3": [
            1.0,
            1.0,
            1.0
        ],
        "selectedTexturePath": "Resources/EngineTexture/Particle/circle.dds",
        "sphereRadius.max": 0.0,
        "sphereRadius.min": 0.0,
        "targetApplyPos": true,
        "targetApplyR": false,
        "timeMode": 1,
        "useDistortion": false,
        "useModel": false
    }
}
