{
    "NormalDamageEffect0": {
        "AdaptRotateIsX": false,
        "AdaptRotateIsY": false,
        "AdaptRotateIsZ": true,
        "BaseColor": [
            0.9189189076423645,
            0.5665348768234253,
            0.08160285651683807,
            0.0
        ],
        "Color Max": [
            0.0,
            0.0,
            0.0,
            0.0
        ],
        "Color Min": [
            0.0,
            0.0,
            0.0,
            0.0
        ],
        "Direction Max": [
            -1.0,
            1.0,
            0.0
        ],
        "Direction Min": [
            1.0,
            -1.0,
            0.0
        ],
        "Gravity": 0.0,
        "IntervalTime": 1.0,
        "LifeTime": 0.5799999833106995,
        "Max Particle Num": 1000,
        "Particle Count": 27,
        "Position Base": [
            0.0,
            0.0,
            0.0
        ],
        "Position Max": [
            0.0,
            0.0,
            0.0
        ],
        "Position Min": [
            0.0,
            0.0,
            0.0
        ],
        "RailFileName": "",
        "Rotate Base": [
            0.0,
            0.0,
            0.0
        ],
        "Rotate Max": [
            0.0,
            0.0,
            0.0
        ],
        "Rotate Min": [
            0.0,
            0.0,
            0.0
        ],
        "RotateSpeed Max": [
            0.0,
            0.0,
            0.0
        ],
        "RotateSpeed Min": [
            0.0,
            0.0,
            0.0
        ],
        "Scale Max": 1.0,
        "Scale Min": 1.0,
        "ScaleV3 Max": [
            1.4600000381469727,
            3.930000066757202,
            0.30000001192092896
        ],
        "ScaleV3 Min": [
            1.2300000190734863,
            3.0,
            0.30000001192092896
        ],
        "Speed Max": 40.0,
        "Speed Min": 35.0,
        "SpeedV3 Max": [
            0.0,
            0.0,
            0.0
        ],
        "SpeedV3 Min": [
            0.0,
            0.0,
            0.0
        ],
        "StartTime": 0.0,
        "UV IsLoop": false,
        "UV NumOfFrame": 0,
        "UV Pos": [
            0.0,
            0.0
        ],
        "UV Rotate": [
            0.0,
            0.0,
            0.0
        ],
        "UV ScrollSpeed": 0.0,
        "UV isFlipX": false,
        "UV isFlipY": false,
        "UV isScroll": false,
        "UV isScrollEachPixel": false,
        "UseRail": false,
        "afterDuration": 0.0,
        "blendMode": 1,
        "emitPositionMode": 2,
        "isAlphaNoMove": false,
        "isBillboard": true,
        "isFloatVelocity": true,
        "isRotateForDirection": true,
        "isScalerScale": false,
        "isShot": true,
        "modelFilePath": "",
        "preBillboardType": 0,
        "primitiveTypeInt": 0,
        "scaleEaseParam.backRatio": 0.0,
        "scaleEaseParam.easeTypeInt": 18,
        "scaleEaseParam.endValueF.max": 0.0,
        "scaleEaseParam.endValueF.min": 0.0,
        "scaleEaseParam.endValueV3.max": [
            0.2800000011920929,
            0.0,
            0.0
        ],
        "scaleEaseParam.endValueV3.min": [
            0.6399999856948853,
            0.0,
            0.0
        ],
        "scaleEaseParam.isScaleEase": true,
        "scaleEaseParam.maxTime": 0.23999999463558197,
        "scaleEaseParam.startValueF": 1.0,
        "scaleEaseParam.startValueV3": [
            1.0,
            1.0,
            1.0
        ],
        "selectedTexturePath": "Resources/texture/Particle/Triangle.dds",
        "timeMode": 1,
        "useModel": false
    }
}
