{
    "LeftPunchTrail": {
        "DistortionStrength": 5.0,
        "DistortionTexturePath": "",
        "EmitInterval": 0.004999999888241291,
        "EndColor": [
            1.0,
            0.4000000059604645,
            0.10196078568696976,
            1.0
        ],
        "EndWidth": 0.5619999766349792,
        "Lifetime": 0.4699999988079071,
        "MaxPoints": 48,
        "StartColor": [
            1.0,
            0.800000011920929,
            0.30000001192092896,
            1.0
        ],
        "StartWidth": 1.1119999885559082,
        "TexturePath": "",
        "UseDistortion": true
    }
}
