{
    "LeftPunchTrail": {
        "DistortionStrength": 5.0,
        "DistortionTexturePath": "Resources/EngineTexture/Noise/noise0.dds",
        "EmitInterval": 0.04800000041723251,
        "EndColor": [
            0.9729729890823364,
            0.9729729890823364,
            0.9729729890823364,
            1.0
        ],
        "EndWidth": 1.5,
        "Lifetime": 2.3299999237060547,
        "MaxPoints": 68,
        "StartColor": [
            0.9498069286346436,
            0.9498069286346436,
            0.9498069286346436,
            1.0
        ],
        "StartWidth": 1.1119999885559082,
        "TexturePath": "Resources/EngineTexture/Noise/noise0.dds",
        "UseDistortion": true
    }
}
