{
    "PlayerthrustAttack1": {
        "fov": 55.65999984741211,
        "fovEaseType": 6,
        "position": [
            0.0,
            7.400000095367432,
            -16.0
        ],
        "positionEaseType": 22,
        "rotation": [
            0.0,
            0.0,
            0.0
        ],
        "rotationEaseType": 6,
        "timeMode": 1,
        "timePoint": 0.5
    }
}
