{
    "test10": {
        "Blend Mode": 1,
        "Color Max": [
            1.0,
            1.0,
            1.0,
            1.0
        ],
        "Color Min": [
            1.0,
            1.0,
            1.0,
            1.0
        ],
        "Count": 1000,
        "Drag": 0.0,
        "Emissive Strength": 0.0,
        "Fade In Time": 0.10000000149011612,
        "Fade Out Time": 0.5,
        "Frequency": 0.009999999776482582,
        "Gravity": [
            0.0,
            -9.800000190734863,
            0.0
        ],
        "Is Active": true,
        "Is Move For Rail": false,
        "Is Rail Loop": false,
        "LifeTime Max": 3.0,
        "LifeTime Min": 1.0,
        "Move Speed": 1.0,
        "Position": [
            6.800000190734863,
            13.100000381469727,
            0.0
        ],
        "Radius": 1.0,
        "Rotation Max": [
            0.0,
            0.0,
            0.0
        ],
        "Rotation Min": [
            0.0,
            0.0,
            0.0
        ],
        "Rotation Speed Max": [
            0.0,
            0.0,
            0.0
        ],
        "Rotation Speed Min": [
            0.0,
            0.0,
            0.0
        ],
        "Scale Max": [
            6.0,
            6.0,
            6.0
        ],
        "Scale Min": [
            4.0,
            4.0,
            4.0
        ],
        "Start Time": 0.0,
        "Texture Path": "Resources/texture/circle.png",
        "Translate Max": [
            1.0,
            1.0,
            1.0
        ],
        "Translate Min": [
            -77.80000305175781,
            20.700000762939453,
            15.699999809265137
        ],
        "Velocity Max": [
            254.6999969482422,
            356.3999938964844,
            1.0
        ],
        "Velocity Min": [
            -216.5,
            276.29998779296875,
            -1.0
        ],
        "timeMode": 1
    }
}
