{
    "test10": {
        "Blend Mode": 1,
        "Color Max": [
            1.0,
            1.0,
            1.0,
            1.0
        ],
        "Color Min": [
            0.6078431606292725,
            0.047673970460891724,
            0.047673970460891724,
            1.0
        ],
        "Count": 1000,
        "Drag": 0.0,
        "Emissive Strength": 0.0,
        "Fade In Time": 0.10000000149011612,
        "Fade Out Time": 0.5,
        "Frequency": 0.009999999776482582,
        "Gravity": [
            0.0,
            -9.800000190734863,
            0.0
        ],
        "Is Active": true,
        "Is Move For Rail": false,
        "Is Rail Loop": false,
        "LifeTime Max": 3.0,
        "LifeTime Min": 1.0,
        "Move Speed": 1.0,
        "Position": [
            6.800000190734863,
            13.100000381469727,
            0.0
        ],
        "Radius": 1.0,
        "Rotation Max": [
            0.0,
            0.0,
            0.0
        ],
        "Rotation Min": [
            0.0,
            0.0,
            0.0
        ],
        "Rotation Speed Max": [
            0.0,
            0.0,
            496.0
        ],
        "Rotation Speed Min": [
            0.0,
            0.0,
            37.0
        ],
        "Scale Max": [
            2.0,
            2.0,
            2.0
        ],
        "Scale Min": [
            2.0,
            2.0,
            2.0
        ],
        "Start Time": 0.0,
        "Texture Path": "Resources/texture/default.png",
        "Translate Max": [
            55.0,
            0.0,
            55.0
        ],
        "Translate Min": [
            -77.80000305175781,
            11.0,
            -60.70000076293945
        ],
        "Velocity Max": [
            0.0,
            234.39999389648438,
            1.0
        ],
        "Velocity Min": [
            0.0,
            0.0,
            -1.0
        ],
        "timeMode": 1
    }
}
