{
    "test11": {
        "Align To Velocity": true,
        "Billboard Mode": 0,
        "Blend Mode": 1,
        "Color Max": [
            0.45098036527633667,
            0.06189926341176033,
            0.06189926341176033,
            1.0
        ],
        "Color Min": [
            0.5735294222831726,
            0.04779410734772682,
            0.04779410734772682,
            1.0
        ],
        "Count": 1000,
        "Drag": 0.0,
        "Emissive Strength": 0.0,
        "Fade In Time": 0.10000000149011612,
        "Fade Out Time": 0.5,
        "Frequency": 0.009999999776482582,
        "Gravity": [
            0.0,
            -9.800000190734863,
            0.0
        ],
        "Is Active": true,
        "Is Move For Rail": false,
        "Is Rail Loop": false,
        "LifeTime Max": 3.0,
        "LifeTime Min": 1.0,
        "Move Speed": 1.0,
        "Position": [
            0.0,
            0.0,
            0.0
        ],
        "Radius": 1.0,
        "Rotation Max": [
            360.0,
            360.0,
            360.0
        ],
        "Rotation Min": [
            0.0,
            0.0,
            0.0
        ],
        "Rotation Speed Max": [
            0.0,
            0.0,
            0.0
        ],
        "Rotation Speed Min": [
            0.0,
            0.0,
            0.0
        ],
        "Scale Max": [
            5.449999809265137,
            5.119999885559082,
            5.21999979019165
        ],
        "Scale Min": [
            3.8299999237060547,
            3.430000066757202,
            3.799999952316284
        ],
        "Start Time": 0.0,
        "Texture Path": "Resources/texture/circle.png",
        "Translate Max": [
            45.599998474121094,
            26.5,
            45.400001525878906
        ],
        "Translate Min": [
            -75.0999984741211,
            -35.0,
            -29.5
        ],
        "UV Flip X": false,
        "UV Flip Y": false,
        "UV Loop": true,
        "UV Pixel Step": 0.0,
        "UV Position": [
            0.0,
            0.0
        ],
        "UV Rotate": 0.0,
        "UV Scale": [
            1.0,
            1.0
        ],
        "UV Scroll Speed": [
            0.0,
            0.0
        ],
        "Velocity Max": [
            43.099998474121094,
            768.2000122070313,
            91.0999984741211
        ],
        "Velocity Min": [
            -71.30000305175781,
            -457.20001220703125,
            -44.79999923706055
        ],
        "timeMode": 1
    }
}
