{
    "PlayerthrustAttack1": {
        "fov": 55.65999984741211,
        "fovEaseType": 6,
        "position": [
            -3.200000047683716,
            13.600000381469727,
            -32.599998474121094
        ],
        "positionEaseType": 22,
        "rotation": [
            -0.01745329238474369,
            0.0,
            0.0
        ],
        "rotationEaseType": 6,
        "timeMode": 1,
        "timePoint": 0.30000001192092896
    }
}
