{
    "PlayerthrustAttack1": {
        "fov": 45.0,
        "fovEaseType": 0,
        "position": [
            0.0,
            0.0,
            0.0
        ],
        "positionEaseType": 0,
        "rotation": [
            0.890117883682251,
            0.0,
            0.0
        ],
        "rotationEaseType": 0,
        "timeMode": 1,
        "timePoint": 0.3499999940395355
    }
}
