{
    "leftPunchMove0": {
        "Rotation_EaseType": 3,
        "Rotation_IsActive": true,
        "Rotation_IsReturnToOrigin": true,
        "Rotation_MaxTime": 0.12999999523162842,
        "Rotation_ReturnEaseType": 21,
        "Rotation_ReturnMaxTime": 0.20000000298023224,
        "Rotation_endValue": [
            0.6876595616340637,
            0.5585051774978638,
            0.4014255702495575
        ],
        "Scale_EaseType": 22,
        "Scale_IsActive": true,
        "Scale_IsReturnToOrigin": true,
        "Scale_MaxTime": 0.10000000149011612,
        "Scale_ReturnEaseType": 3,
        "Scale_ReturnMaxTime": 0.10000000149011612,
        "Scale_endValue": [
            1.399999976158142,
            1.399999976158142,
            1.399999976158142
        ],
        "Translation_EaseType": 0,
        "Translation_IsActive": true,
        "Translation_IsReturnToOrigin": true,
        "Translation_MaxTime": 0.10000000149011612,
        "Translation_RailFileName": "",
        "Translation_ReturnEaseType": 0,
        "Translation_ReturnMaxTime": 0.10000000149011612,
        "Translation_UseRail": false,
        "Translation_endValue": [
            0.0,
            0.8100000023841858,
            0.0
        ],
        "returnStartTime": 0.0,
        "startTime": 0.0,
        "timeMode": 1
    }
}
