{
    "leftHandEffect0": {
        "Align To Velocity": false,
        "Billboard Mode": 1,
        "Blend Mode": 1,
        "Color Max": [
            0.8872548937797546,
            0.07828722149133682,
            0.07828722149133682,
            0.0
        ],
        "Color Min": [
            0.9019607901573181,
            0.24538640677928925,
            0.07516337931156158,
            0.0
        ],
        "Count": 644,
        "Frequency": 0.009999999776482582,
        "Is Active": true,
        "Is Move For Rail": false,
        "Is Rail Loop": false,
        "LifeTime Max": 0.4000000059604645,
        "LifeTime Min": 0.10000000149011612,
        "Move Speed": 1.0,
        "Position": [
            0.0,
            0.0,
            0.0
        ],
        "Rotation Max": [
            0.0,
            0.0,
            0.0
        ],
        "Rotation Min": [
            0.0,
            0.0,
            0.0
        ],
        "Rotation Speed Max": [
            0.0,
            0.0,
            0.0
        ],
        "Rotation Speed Min": [
            0.0,
            0.0,
            0.0
        ],
        "Scale Max": [
            0.5,
            0.5,
            0.5
        ],
        "Scale Min": [
            0.5,
            0.5,
            0.5
        ],
        "Start Time": 0.0,
        "Texture Path": "Resources/texture/circle.png",
        "Translate Max": [
            0.4000000059604645,
            0.30000001192092896,
            0.30000001192092896
        ],
        "Translate Min": [
            -0.4000000059604645,
            -0.30000001192092896,
            -0.4000000059604645
        ],
        "UV Flip X": false,
        "UV Flip Y": false,
        "UV Loop": true,
        "UV Pixel Step": 0.0,
        "UV Position": [
            0.0,
            0.0
        ],
        "UV Rotate": 0.0,
        "UV Scale": [
            1.0,
            1.0
        ],
        "UV Scroll Speed": [
            0.0,
            0.0
        ],
        "Velocity Max": [
            0.30000001192092896,
            1.899999976158142,
            0.20000000298023224
        ],
        "Velocity Min": [
            -0.20000000298023224,
            1.100000023841858,
            -0.10000000149011612
        ],
        "timeMode": 1
    }
}
