{
    "EnemyDeathSpark": {
        "AdaptRotateIsX": false,
        "AdaptRotateIsY": false,
        "AdaptRotateIsZ": true,
        "BaseColor": [
            0.9117646813392639,
            0.37543249130249023,
            0.37543249130249023,
            1.0
        ],
        "Color Max": [
            0.1568627506494522,
            0.0,
            0.0,
            0.0
        ],
        "Color Min": [
            0.10980392247438431,
            0.0,
            0.0,
            0.0
        ],
        "Direction Max": [
            1.0,
            1.0,
            0.0
        ],
        "Direction Min": [
            -1.0,
            -1.0,
            0.0
        ],
        "Gravity": 0.0,
        "IntervalTime": 1.0,
        "LifeTime": 0.28999999165534973,
        "Particle Count": 38,
        "Position Base": [
            0.0,
            0.0,
            0.0
        ],
        "Position Max": [
            0.0,
            0.0,
            0.0
        ],
        "Position Min": [
            0.0,
            0.0,
            0.0
        ],
        "Rotate Base": [
            0.0,
            0.0,
            0.0
        ],
        "Rotate Max": [
            0.0,
            0.0,
            0.0
        ],
        "Rotate Min": [
            0.0,
            0.0,
            0.0
        ],
        "RotateSpeed Max": [
            0.0,
            0.0,
            0.0
        ],
        "RotateSpeed Min": [
            0.0,
            0.0,
            0.0
        ],
        "Scale Max": 1.0,
        "Scale Min": 1.0,
        "ScaleV3 Max": [
            5.0,
            5.0,
            0.0
        ],
        "ScaleV3 Min": [
            5.0,
            5.0,
            0.0
        ],
        "Speed Max": 31.700000762939453,
        "Speed Min": 30.799999237060547,
        "SpeedV3 Max": [
            0.0,
            0.0,
            0.0
        ],
        "SpeedV3 Min": [
            0.0,
            0.0,
            0.0
        ],
        "UV IsRoop": false,
        "UV NumOfFrame": 1,
        "UV Pos": [
            0.0,
            0.0
        ],
        "UV Rotate": [
            0.0,
            0.0,
            0.0
        ],
        "UV ScroolSpeed": 0.0,
        "UV isFlipX": false,
        "UV isFlipY": false,
        "UV isScrool": false,
        "UV isScroolEachPixel": false,
        "Velocity Max": [
            17.0,
            17.0,
            0.0
        ],
        "Velocity Min": [
            17.0,
            17.0,
            0.0
        ],
        "blendMode": 1,
        "isAlphaNoMove": false,
        "isBillboard": true,
        "isFloatVelocity": true,
        "isMoveForRail": false,
        "isRotateforDirection": true,
        "isScalerScale": false,
        "isShot": true,
        "moveSpeed": 0.0,
        "preBillboardType_": 0,
        "scaleEaseParm.easeSpeed": 0.6700000166893005,
        "scaleEaseParm.easeTypeInt": 0,
        "scaleEaseParm.endValueF.max": 0.0,
        "scaleEaseParm.endValueF.min": 0.0,
        "scaleEaseParm.endValueV3.max": [
            0.699999988079071,
            4.0,
            0.0
        ],
        "scaleEaseParm.endValueV3.min": [
            0.699999988079071,
            3.0,
            0.0
        ],
        "scaleEaseParm.isScaleEase": true,
        "scaleEaseParm.maxTime": 0.20000000298023224,
        "selectedTexturePath_": "Resources/texture/smoke.dds"
    }
}
