{
    "EnemyDeathSmoke": {
        "AdaptRotateIsX": false,
        "AdaptRotateIsY": false,
        "AdaptRotateIsZ": false,
        "BaseColor": [
            0.843137264251709,
            0.8334935307502747,
            0.785274863243103,
            1.0
        ],
        "Color Max": [
            0.0,
            0.3137255012989044,
            0.0,
            0.0
        ],
        "Color Min": [
            0.0,
            0.16470588743686676,
            0.0,
            0.0
        ],
        "Direction Max": [
            1.0,
            1.0,
            0.75
        ],
        "Direction Min": [
            -1.0,
            -1.0,
            -0.46000000834465027
        ],
        "Gravity": 4.800000190734863,
        "IntervalTime": 1.0,
        "LifeTime": 1.6399999856948853,
        "Particle Count": 42,
        "Position Base": [
            0.0,
            0.0,
            0.0
        ],
        "Position Max": [
            1.2999999523162842,
            1.0,
            0.0
        ],
        "Position Min": [
            -1.2000000476837158,
            -1.7999999523162842,
            0.0
        ],
        "Rotate Base": [
            0.0,
            0.0,
            0.0
        ],
        "Rotate Max": [
            0.0,
            0.0,
            0.0
        ],
        "Rotate Min": [
            0.0,
            0.0,
            0.0
        ],
        "RotateSpeed Max": [
            0.0,
            0.0,
            0.0
        ],
        "RotateSpeed Min": [
            0.0,
            0.0,
            0.0
        ],
        "Scale Max": 3.0,
        "Scale Min": 3.0,
        "ScaleV3 Max": [
            0.0,
            0.0,
            0.0
        ],
        "ScaleV3 Min": [
            0.0,
            0.0,
            0.0
        ],
        "Speed Max": 6.400000095367432,
        "Speed Min": -4.400000095367432,
        "SpeedV3 Max": [
            0.0,
            0.0,
            0.0
        ],
        "SpeedV3 Min": [
            0.0,
            0.0,
            0.0
        ],
        "UV IsRoop": false,
        "UV NumOfFrame": 1,
        "UV Pos": [
            0.0,
            0.0
        ],
        "UV Rotate": [
            0.0,
            0.0,
            0.0
        ],
        "UV ScroolSpeed": 0.0,
        "UV isFlipX": false,
        "UV isFlipY": false,
        "UV isScrool": false,
        "UV isScroolEachPixel": false,
        "Velocity Max": [
            1.5,
            1.5,
            1.0
        ],
        "Velocity Min": [
            -1.0,
            -1.0,
            -1.0
        ],
        "blendMode": 0,
        "isAlphaNoMove": false,
        "isBillBord": true,
        "isFloatVelocity": true,
        "isMoveForRail": false,
        "isRotateforDirection": false,
        "isScalerScale": true,
        "isShot": true,
        "moveSpeed": 0.0,
        "preBillBordType_": 0,
        "scaleEaseParm.easeTypeInt": 0,
        "scaleEaseParm.endValueF.max": 0.0,
        "scaleEaseParm.endValueF.min": 0.0,
        "scaleEaseParm.endValueV3.max": [
            0.0,
            0.0,
            0.0
        ],
        "scaleEaseParm.endValueV3.min": [
            0.0,
            0.0,
            0.0
        ],
        "scaleEaseParm.isScaleEase": true,
        "scaleEaseParm.maxTime": 1.1799999475479126,
        "selectedTexturePath_": "resources/Texture/uvChecker.png"
    }
}
