{
    "fieldParticleFireSpark": {
        "AdaptRotateIsX": false,
        "AdaptRotateIsY": false,
        "AdaptRotateIsZ": false,
        "BaseColor": [
            0.7941176295280457,
            0.11620952934026718,
            0.050605520606040955,
            0.0
        ],
        "Color Max": [
            0.14901961386203766,
            0.0,
            0.0,
            0.0
        ],
        "Color Min": [
            0.062745101749897,
            0.0,
            0.0,
            0.0
        ],
        "Direction Max": [
            -0.05999999865889549,
            1.0,
            0.0
        ],
        "Direction Min": [
            0.05999999865889549,
            1.0,
            0.0
        ],
        "Gravity": 0.0,
        "IntervalTime": 0.4000000059604645,
        "LifeTime": 0.4099999964237213,
        "Particle Count": 40,
        "Position Base": [
            0.0,
            0.0,
            0.0
        ],
        "Position Max": [
            52.70000076293945,
            25.299999237060547,
            59.400001525878906
        ],
        "Position Min": [
            -51.5,
            2.0999999046325684,
            -54.29999923706055
        ],
        "Rotate Base": [
            0.0,
            0.0,
            0.0
        ],
        "Rotate Max": [
            0.0,
            0.0,
            0.0
        ],
        "Rotate Min": [
            0.0,
            0.0,
            0.0
        ],
        "RotateSpeed Max": [
            0.0,
            0.0,
            0.0
        ],
        "RotateSpeed Min": [
            0.0,
            0.0,
            0.0
        ],
        "Scale Max": 1.0,
        "Scale Min": 1.0,
        "ScaleV3 Max": [
            1.0,
            2.0,
            1.0
        ],
        "ScaleV3 Min": [
            1.0,
            2.0,
            1.0
        ],
        "Speed Max": 23.399999618530273,
        "Speed Min": 10.100000381469727,
        "SpeedV3 Max": [
            0.0,
            0.0,
            0.0
        ],
        "SpeedV3 Min": [
            0.0,
            0.0,
            0.0
        ],
        "UV IsRoop": false,
        "UV NumOfFrame": 1,
        "UV Pos": [
            0.0,
            0.0
        ],
        "UV Rotate": [
            0.0,
            0.0,
            0.0
        ],
        "UV ScroolSpeed": 0.0,
        "UV isFlipX": false,
        "UV isFlipY": false,
        "UV isScrool": false,
        "UV isScroolEachPixel": false,
        "blendMode": 1,
        "isAlphaNoMove": false,
        "isBillBord": true,
        "isFloatVelocity": true,
        "isRotateforDirection": false,
        "isScalerScale": false,
        "isShot": false,
        "preBillBordType_": 0,
        "scaleEaseParm.easeTypeInt": 0,
        "scaleEaseParm.endValueF.max": 0.0,
        "scaleEaseParm.endValueF.min": 0.0,
        "scaleEaseParm.endValueV3.max": [
            0.30000001192092896,
            5.0,
            1.0
        ],
        "scaleEaseParm.endValueV3.min": [
            0.30000001192092896,
            5.0,
            1.0
        ],
        "scaleEaseParm.isScaleEase": true,
        "scaleEaseParm.maxTime": 0.17000000178813934,
        "selectedTexturePath_": "Resources/texture/StartBottomA.png"
    }
}
