{
    "i0": {
        "AdaptRotateIsX": false,
        "AdaptRotateIsY": false,
        "AdaptRotateIsZ": false,
        "BaseColor": [
            1.0,
            0.0,
            0.0,
            0.0
        ],
        "Color Max": [
            0.0,
            0.0,
            0.0,
            0.0
        ],
        "Color Min": [
            0.0,
            0.0,
            0.0,
            0.0
        ],
        "Direction Max": [
            -0.7200000286102295,
            1.0,
            0.0
        ],
        "Direction Min": [
            0.0,
            1.0,
            0.0
        ],
        "Gravity": 0.0,
        "IntervalTime": 1.0,
        "LifeTime": 0.20000000298023224,
        "Max Particle Num": 1000,
        "Particle Count": 27,
        "Position Base": [
            11.0,
            7.699999809265137,
            8.699999809265137
        ],
        "Position Max": [
            -17.100000381469727,
            -8.0,
            -14.0
        ],
        "Position Min": [
            10.800000190734863,
            11.600000381469727,
            9.800000190734863
        ],
        "Rotate Base": [
            0.0,
            0.0,
            0.0
        ],
        "Rotate Max": [
            0.0,
            0.0,
            0.0
        ],
        "Rotate Min": [
            0.0,
            0.0,
            0.0
        ],
        "RotateSpeed Max": [
            0.0,
            0.0,
            0.0
        ],
        "RotateSpeed Min": [
            0.0,
            0.0,
            0.0
        ],
        "Scale Max": 7.0,
        "Scale Min": 7.199999809265137,
        "ScaleV3 Max": [
            0.0,
            0.0,
            0.0
        ],
        "ScaleV3 Min": [
            0.0,
            0.0,
            0.0
        ],
        "Speed Max": 11.300000190734863,
        "Speed Min": 4.099999904632568,
        "SpeedV3 Max": [
            0.0,
            0.0,
            0.0
        ],
        "SpeedV3 Min": [
            0.0,
            0.0,
            0.0
        ],
        "Start Time": 0.0,
        "UV IsRoop": false,
        "UV NumOfFrame": 1,
        "UV Pos": [
            0.0,
            0.0
        ],
        "UV Rotate": [
            0.0,
            0.0,
            0.0
        ],
        "UV ScroolSpeed": 0.0,
        "UV isFlipX": false,
        "UV isFlipY": false,
        "UV isScrool": false,
        "UV isScroolEachPixel": false,
        "blendMode": 1,
        "isAlphaNoMove": false,
        "isBillBord": true,
        "isFloatVelocity": true,
        "isMoveForRail": false,
        "isRailRoop": false,
        "isRotateforDirection": false,
        "isScalerScale": true,
        "isShot": false,
        "modelFilePath": "",
        "moveSpeed": 0.0,
        "preBillBordType_": 0,
        "primitiveTypeInt": 0,
        "railFileName": "",
        "scaleEaseParm.backRatio": 0.0,
        "scaleEaseParm.easeTypeInt": 0,
        "scaleEaseParm.endValueF.max": 1.0,
        "scaleEaseParm.endValueF.min": 0.0,
        "scaleEaseParm.endValueV3.max": [
            0.0,
            0.0,
            0.0
        ],
        "scaleEaseParm.endValueV3.min": [
            0.0,
            0.0,
            0.0
        ],
        "scaleEaseParm.isScaleEase": true,
        "scaleEaseParm.maxTime": 0.1599999964237213,
        "scaleEaseParm.startValueF": 1.0,
        "scaleEaseParm.startValueV3": [
            1.0,
            1.0,
            1.0
        ],
        "selectedTexturePath_": "resources/Texture/uvChecker.png",
        "timeMode": 1,
        "useModel": false,
        "useRail": false,
        "useScaleEasing": true
    }
}
