{
    "LeftHand": {
        "AdaptRotateIsX": false,
        "AdaptRotateIsY": false,
        "AdaptRotateIsZ": false,
        "BaseColor": [
            0.9647058844566345,
            0.24313725531101227,
            0.0235294122248888,
            0.0
        ],
        "Color Max": [
            0.08627451211214066,
            0.06666667014360428,
            0.09019608050584793,
            0.0
        ],
        "Color Min": [
            0.0,
            0.35686275362968445,
            0.11372549086809158,
            0.0
        ],
        "Direction Max": [
            0.20000000298023224,
            1.0,
            0.0
        ],
        "Direction Min": [
            -0.20000000298023224,
            1.0,
            0.0
        ],
        "Gravity": 1.600000023841858,
        "IntervalTime": 0.10000000149011612,
        "LifeTime": 0.8999999761581421,
        "Particle Count": 6,
        "Position Base": [
            0.0,
            0.0,
            -1.399999976158142
        ],
        "Position Max": [
            1.0,
            0.5,
            0.5
        ],
        "Position Min": [
            -1.0,
            -1.0,
            0.0
        ],
        "RailRunSpeed": 0.0,
        "RailRunSpeedF": 60.0,
        "Rotate Base": [
            0.0,
            0.0,
            0.0
        ],
        "Rotate Max": [
            0.0,
            0.0,
            0.0
        ],
        "Rotate Min": [
            0.0,
            0.0,
            0.0
        ],
        "RotateSpeed Base": [
            0.0,
            0.0,
            0.0
        ],
        "RotateSpeed Max": [
            0.0,
            0.0,
            0.0
        ],
        "RotateSpeed Min": [
            0.0,
            0.0,
            0.0
        ],
        "Scale Max": 1.0,
        "Scale Min": 0.800000011920929,
        "ScaleV3 Max": [
            0.0,
            0.0,
            0.0
        ],
        "ScaleV3 Min": [
            0.0,
            0.0,
            0.0
        ],
        "Speed Max": 3.0,
        "Speed Min": 3.0,
        "Translate": [
            -4.0,
            2.200000762939453,
            0.0
        ],
        "Velocity Max": [
            2.0,
            4.800000190734863,
            0.699999988079071
        ],
        "Velocity Min": [
            -1.2999999523162842,
            2.700000047683716,
            -1.100000023841858
        ],
        "isAlphaNoMove": false,
        "isBillBord": true,
        "isMoveForRail": false,
        "isRotateforDirection": false,
        "isScalerScale": true,
        "isShot": false,
        "moveSpeed": 0.0,
        "preBillBordType_": 0
    }
}
