{
    "RightHand": {
        "AdaptRotateIsX": false,
        "AdaptRotateIsY": false,
        "AdaptRotateIsZ": false,
        "BaseColor": [
            0.1882352977991104,
            0.3137255012989044,
            1.0,
            0.0
        ],
        "Color Max": [
            0.26274511218070984,
            0.20392157137393951,
            0.13333334028720856,
            0.0
        ],
        "Color Min": [
            0.0,
            0.16862745583057404,
            0.11764705926179886,
            0.0
        ],
        "Direction Max": [
            0.20000000298023224,
            1.0,
            0.0
        ],
        "Direction Min": [
            -0.20000000298023224,
            1.0,
            0.0
        ],
        "Gravity": 1.600000023841858,
        "IntervalTime": 0.10000000149011612,
        "LifeTime": 0.8999999761581421,
        "Particle Count": 6,
        "Position Base": [
            0.0,
            0.0,
            -1.399999976158142
        ],
        "Position Max": [
            1.0,
            0.5,
            0.5
        ],
        "Position Min": [
            -1.0,
            -1.0,
            0.0
        ],
        "RailRunSpeed": 81.27999877929688,
        "RailRunSpeedF": 60.0,
        "Rotate Base": [
            0.0,
            0.0,
            0.0
        ],
        "Rotate Max": [
            0.0,
            0.0,
            0.0
        ],
        "Rotate Min": [
            0.0,
            0.0,
            0.0
        ],
        "RotateSpeed Base": [
            0.0,
            0.0,
            0.0
        ],
        "RotateSpeed Max": [
            0.0,
            0.0,
            0.0
        ],
        "RotateSpeed Min": [
            0.0,
            0.0,
            0.0
        ],
        "Scale Max": 1.0,
        "Scale Min": 0.800000011920929,
        "ScaleV3 Max": [
            0.0,
            0.0,
            0.0
        ],
        "ScaleV3 Min": [
            0.0,
            0.0,
            0.0
        ],
        "Speed Max": 3.0,
        "Speed Min": 3.0,
        "Translate": [
            3.4712586402893066,
            1.9091929197311401,
            0.5287416577339172
        ],
        "Velocity Max": [
            1.5,
            3.799999952316284,
            1.5
        ],
        "Velocity Min": [
            -1.2999999523162842,
            2.299999952316284,
            -1.100000023841858
        ],
        "isAlphaNoMove": false,
        "isBillBord": true,
        "isMoveForRail": false,
        "isRotateforDirection": false,
        "isScalerScale": true,
        "isShot": false,
        "moveSpeed": 0.0,
        "preBillBordType_": 0
    }
}
