{
    "rushParticle": {
        "AdaptRotateIsX": false,
        "AdaptRotateIsY": false,
        "AdaptRotateIsZ": false,
        "BaseColor": [
            0.843137264251709,
            0.5504217743873596,
            0.13225682079792023,
            1.0
        ],
        "Color Max": [
            0.054901961237192154,
            0.0313725508749485,
            0.01568627543747425,
            0.0
        ],
        "Color Min": [
            0.05098039284348488,
            0.062745101749897,
            0.0117647061124444,
            0.0
        ],
        "Gravity": 0.0,
        "IntervalTime": 0.009999999776482582,
        "LifeTime": 0.8999999761581421,
        "Particle Count": 11,
        "Position Base": [
            0.0,
            -0.0999999523162842,
            0.0
        ],
        "Position Max": [
            0.0,
            0.0,
            0.0
        ],
        "Position Min": [
            0.0,
            0.0,
            0.0
        ],
        "Rotate Base": [
            0.0,
            0.0,
            0.0
        ],
        "Rotate Max": [
            0.0,
            0.0,
            0.0
        ],
        "Rotate Min": [
            0.0,
            0.0,
            0.0
        ],
        "RotateSpeed Max": [
            0.0,
            0.0,
            0.0
        ],
        "RotateSpeed Min": [
            0.0,
            0.0,
            0.0
        ],
        "Scale Max": 2.4000000953674316,
        "Scale Min": 2.0,
        "ScaleV3 Max": [
            9.0,
            1.5,
            3.0
        ],
        "ScaleV3 Min": [
            9.0,
            1.5,
            3.0
        ],
        "Velocity Max": [
            0.0,
            3.0,
            0.0
        ],
        "Velocity Min": [
            0.0,
            3.8000001907348633,
            0.0
        ],
        "isBillBord": true,
        "isMoveForRail": false,
        "isRotateforDirection": false,
        "isScalerScale": true,
        "moveSpeed": 0.0
    }
}
