{
    "FallAttackPreAction0": {
        "fov": 45.0,
        "fovEaseType": 22,
        "position": [
            0.0,
            9.0,
            -11.199999809265137
        ],
        "positionEaseType": 22,
        "rotation": [
            0.1745329201221466,
            0.0,
            0.0
        ],
        "rotationEaseType": 22,
        "timeMode": 0,
        "timePoint": 0.8199999928474426
    }
}
