{
    "FallAttackPreAction0": {
        "fov": 55.81999969482422,
        "fovEaseType": 19,
        "position": [
            0.10000000149011612,
            -4.900000095367432,
            24.600000381469727
        ],
        "positionEaseType": 19,
        "rotation": [
            0.13962633907794952,
            0.0,
            0.0
        ],
        "rotationEaseType": 19,
        "timeMode": 1,
        "timePoint": 0.5400000214576721
    }
}
