{
    "ThurstAttackCamera": {
        "axisFlag": 3,
        "easeType": 4,
        "maxTime": 1.0099999904632568,
        "shakeLength": 3.930000066757202,
        "shakeType": 0,
        "startTime": 1.0,
        "timeMode": 0
    }
}
