{
    "BombTrail": {
        "ArcDirection": 0,
        "ArcEndAngleDeg": 180.0,
        "ArcLifetime": 0.5,
        "ArcPlane": 0,
        "ArcRadius": 1.5,
        "ArcStartAngleDeg": 0.0,
        "DistortionStrength": 0.019999999552965164,
        "DistortionTexturePath": "Resources/EngineTexture/Noise/PerlinNoise.dds",
        "DistortionUVScrollSpeed": [
            0.10000000149011612,
            0.0
        ],
        "EmitInterval": 0.019999999552965164,
        "EndColor": [
            0.0,
            0.0,
            0.0,
            1.0
        ],
        "EndWidth": 0.46399998664855957,
        "FollowMode": 0,
        "Lifetime": 1.4800000190734863,
        "MaxPoints": 64,
        "StartColor": [
            1.0,
            0.699999988079071,
            0.10000000149011612,
            1.0
        ],
        "StartWidth": 0.8069999814033508,
        "TexturePath": "Resources/EngineTexture/Trail/trailFile.dds",
        "UVScrollSpeed": [
            0.0,
            0.0
        ],
        "UseDistortion": false
    }
}
